Workbook

Sheet PEM Metrics (UAT)
B2: Equipment Category - "E"
B3: UAT for the Month of Aug-26
B4: Plants | C4: Equipment Availability (%) | D4: Unplanned downtime (Hrs) | E4: MTBF | F4: MTTR | G4: PM Compliance % | H4: A Class Machines only for E Category | I4: BD Occurences | J4: Plant SPOC Confirmation | K4: Remarks | N4: Formulae :
B5: TASL- NGP | C5: =((744*41)-D5)/(744*41) -> 0.92820614 | D5: 2190 | E5: =((744*41)-D5)/260 -> 108.9 | F5: =D5/260 -> 8.4230769 | G5: =55/64 -> 0.859375 | H5: 41 | I5: 260 | N5: Equipment Availability % = | O5: Sum of Available Hours- Breakdown Hours) / Sum of Available Hours
B6: TASL-BLR | C6: =((744*48)-D6)/(744*48) -> 0.99770049 | D6: 82.12 | E6: =((744*48)-D6)/21 -> 1696.661 | F6: =D6/21 -> 3.9104762 | G6: 0 | H6: 48 | I6: 21 | J6: Yes | N6: MTBF = | O6: Sum of Operating hours - Breakdown hours / Occurences
B7: TCOE | C7: =((744*120)-D7)/(744*120) -> 0.99993795 | D7: 5.54 | E7: =((744*120)-D7)/1 -> 89274.46 | F7: =D7/1 -> 5.54 | G7: =34/34 -> 1 | H7: 120 | I7: 1 | J7: Yes | K7: The reported unplanned downtime of 5.54 hours is incorrect in actual . The TCOE production team generates/reports breakdown notifications through MES, which is currently the official data source for PEM metrics. Following the implementation of the QR code feature in SAP S/4HANA, the team has aligned and starting the use of SAP Fiori app. We aim to complete the migration to SAP by the end of October 2026; until then, all PEM metrics should continue to be sourced from MES. | N7: MTTR = | O7: Breakdown Hours / No of Breakdown Occurrences
B8: TSAL | C8: =((744*77)-D8)/(744*77) -> 0.99441052 | D8: 320.21 | E8: =((744*77)-D8)/89 -> 640.08753 | F8: =D8/89 -> 3.5978652 | G8: =114/114 -> 1 | H8: 77 | I8: 89 | N8: PM Compliance % = | O8: Closed PM Orders / Total PM Orders
B9: TASL-H01 | C9: =(418.5-D9)/418.5 -> 0.99990442 | D9: 0.04 | E9: =((418.5*19)-D9)/1 -> 7951.46 | F9: =D9/1 -> 0.04 | G9: =19/19 -> 1 | H9: 19 | I9: 1 | N9: Operating Hours = | O9: Available Hours- Breakdown Hours
B10: TBAL | C10: =(418.5-D10)/418.5 -> 1 | D10: 0 | E10: =(((418.5*14)-D10)/1) -> 5859 | F10: =D10/1 -> 0 | G10: =13/18 -> 0.72222222 | H10: 14 | I10: 0
B11: TLMAL | C11: =(418.5-D11)/418.5 -> 1 | D11: 0 | E11: =(((418.5*21)-D11)/1) -> 8788.5 | F11: =D11/1 -> 0 | G11: =19/19 -> 1 | H11: 21 | I11: 0
B12: MCA | C12: 1 | D12: 0 | E12: =(((418.5*1)-D12)/1) -> 418.5 | F12: =D12/1 -> 0 | G12: =1/1 -> 1 | H12: 1 | I12: 0 | J12: Yes

Sheet Breakdown Report IW28
A1: Typ | B1: Equipment | C1: Equipment Category | D1: Order | E1: Notification | F1: Description of technical object | G1: Description | H1: Malf.Start | I1: MalfEnd | J1: MalfStrt | K1: Malf.end | L1: Downtime | M1: Date | N1: Time | O1: PlS | P1: Plnt | Q1: Ref. Date | R1: RfTm | S1: Req. End | T1: Req. time | U1: Un | V1: B | W1: Sel. | X1: Req. Start | Y1: Req. time | Z1: ABC Ind. | AA1: FL affectd | AB1: MAT | AC1: Functional Loc.
A2: M2 | B2: 11000389 | C2: =VLOOKUP(B2,Equipment!A$1:J$575,9,0) -> E | D2: 320000018581 | E2: 120000018696 | F2: Mazak- 1 N01-01 | G2: door not open | H2: 31.08.2026 | I2: 31.08.2026 | J2: 08:25:53 | K2: 12:24:16 | L2: 0.5 | M2: 31.08.2026 | N2: 08:25:53 | O2: MCS | P2: 1041 | Q2: 31.08.2026 | R2: 12:24:16 | S2: 04.09.2026 | T2: 08:27:35 | U2: H | V2: X | Y2: 00:00:00 | Z2: A | AC2: 1041-MCS-MC
A3: M2 | B3: 11000455 | C3: =VLOOKUP(B3,Equipment!A$1:J$575,9,0) -> E | D3: 320000018580 | E3: 120000018683 | F3: Bavius TR 120-3 N01-02 | G3: TR-3 vacuum not reached | H3: 31.08.2026 | I3: 31.08.2026 | J3: 10:50:03 | K3: 12:11:00 | L3: 0.67 | M3: 31.08.2026 | N3: 10:57:03 | O3: MCS | P3: 1041 | Q3: 31.08.2026 | R3: 12:11:00 | S3: 01.09.2026 | T3: 10:50:55 | U3: H | V3: X | X3: 31.08.2026 | Y3: 10:50:55 | Z3: A | AC3: 1041-MCS-MC
A4: M2 | B4: 11000482 | C4: =VLOOKUP(B4,Equipment!A$1:J$575,9,0) -> E | D4: 320000018728 | E4: 120000018663 | F4: HURON 5 Axis Machine-2 N01-02 | G4: vacuum pressure gauge not available | H4: 31.08.2026 | I4: 31.08.2026 | J4: 09:36:46 | K4: 17:16:31 | L4: 0.9 | M4: 31.08.2026 | N4: 09:36:46 | O4: MCS | P4: 1041 | Q4: 31.08.2026 | R4: 17:16:31 | S4: 01.09.2026 | T4: 09:38:25 | U4: H | V4: X | Y4: 00:00:00 | Z4: A | AC4: 1041-MCS-MC
A5: M2 | B5: 11000206 | C5: =VLOOKUP(B5,Equipment!A$1:J$575,9,0) -> E | D5: 320000018579 | E5: 120000018685 | F5: ROUTING MACHINE 5 AXIS #6 | G5: Tool Clamp & Declamp Switch Stuck | H5: 31.08.2026 | I5: 31.08.2026 | J5: 14:00:00 | K5: 15:00:00 | L5: 1 | M5: 31.08.2026 | N5: 14:00:00 | O5: SMD | P5: 2001 | Q5: 31.08.2026 | R5: 15:00:00 | S5: 31.08.2026 | T5: 15:00:00 | U5: H | V5: X | X5: 31.08.2026 | Y5: 14:00:00 | Z5: A | AC5: 2001-SMD-RU
A6: M2 | B6: 11000322 | C6: =VLOOKUP(B6,Equipment!A$1:J$575,9,0) -> E | D6: 320000018578 | E6: 120000018673 | F6: 3 AXIS MACHINE JYOTHI HURON NX3222 NVU-C | G6: chips convayor motor overload alarm | H6: 31.08.2026 | I6: 31.08.2026 | J6: 15:10:59 | K6: 16:00:00 | L6: 0.82 | M6: 31.08.2026 | N6: 15:10:59 | O6: MSD | P6: 2001 | Q6: 31.08.2026 | R6: 16:00:00 | S6: 31.08.2026 | T6: 16:00:31 | U6: H | V6: X | X6: 31.08.2026 | Y6: 15:10:59 | Z6: A | AC6: 2001-MSD-PF
A7: M2 | B7: 11000322 | C7: =VLOOKUP(B7,Equipment!A$1:J$575,9,0) -> E | D7: 320000018584 | E7: 120000018674 | F7: 3 AXIS MACHINE JYOTHI HURON NX3222 NVU-C | G7: Chips conuyor over load | H7: 31.08.2026 | I7: 31.08.2026 | J7: 23:00:00 | K7: 23:40:00 | L7: 0.67 | M7: 31.08.2026 | N7: 23:00:00 | O7: MSD | P7: 2001 | Q7: 31.08.2026 | R7: 23:40:00 | T7: 00:00:00 | U7: H | V7: X | X7: 31.08.2026 | Y7: 22:48:48 | Z7: A | AC7: 2001-MSD-PF
A8: M2 | B8: 11000449 | C8: =VLOOKUP(B8,Equipment!A$1:J$575,9,0) -> E | D8: 320000018720 | E8: 120000018662 | F8: Bavius 2mtr-N01-02 | G8: Vacuum pressure drop in auto cycle | H8: 30.08.2026 | I8: 30.08.2026 | J8: 00:52:25 | K8: 02:20:58 | L8: 1.08 | M8: 30.08.2026 | N8: 00:52:25 | O8: MCS | P8: 1041 | Q8: 30.08.2026 | R8: 02:20:58 | S8: 31.08.2026 | T8: 00:53:14 | U8: H | V8: X | Y8: 00:00:00 | Z8: A | AC8: 1041-MCS-MC
A9: M2 | B9: 11000452 | C9: =VLOOKUP(B9,Equipment!A$1:J$575,9,0) -> E | D9: 320000018572 | E9: 120000018579 | F9: Bavius 4mtr N01-02 | G9: TCH: RUNTIME ERROR MAGAZINE FLAP CLOSED | H9: 30.08.2026 | I9: 31.08.2026 | J9: 11:04:45 | K9: 10:21:35 | L9: 2.42 | M9: 30.08.2026 | N9: 11:04:45 | O9: MCS | P9: 1041 | Q9: 31.08.2026 | R9: 10:21:35 | S9: 31.08.2026 | T9: 11:06:38 | U9: H | V9: X | Y9: 00:00:00 | Z9: A | AC9: 1041-MCS-MC
A10: M2 | B10: 11000455 | C10: =VLOOKUP(B10,Equipment!A$1:J$575,9,0) -> E | D10: 320000018721 | E10: 120000018695 | F10: Bavius TR 120-3 N01-02 | G10: motor temperature alarm generated. | H10: 30.08.2026 | I10: 30.08.2026 | J10: 21:05:14 | K10: 21:50:56 | L10: 0.5 | M10: 30.08.2026 | N10: 21:05:14 | O10: MCS | P10: 1041 | Q10: 30.08.2026 | R10: 21:50:56 | S10: 31.08.2026 | T10: 21:05:51 | U10: H | V10: X | Y10: 00:00:00 | Z10: A | AC10: 1041-MCS-MC
A11: M2 | B11: 11000493 | C11: =VLOOKUP(B11,Equipment!A$1:J$575,9,0) -> E | D11: 320000018722 | E11: 120000018682 | F11: Makino A500Z-1 N01-02 | G11: Auto operation start error maintainance | H11: 30.08.2026 | I11: 30.08.2026 | J11: 17:26:15 | K11: 18:35:49 | L11: 0.5 | M11: 30.08.2026 | N11: 17:26:15 | O11: MCS | P11: 1041 | Q11: 30.08.2026 | R11: 18:35:49 | S11: 31.08.2026 | T11: 17:28:50 | U11: H | V11: X | Y11: 00:00:00 | Z11: A | AC11: 1041-MCS-MC
A12: M2 | B12: 11000551 | C12: =VLOOKUP(B12,Equipment!A$1:J$575,9,0) -> E | D12: 320000018585 | E12: 120000018681 | F12: Breton1-Flymill-5Axis CNC | G12: c1 drive fault | H12: 29.08.2026 | I12: 29.08.2026 | J12: 13:30:16 | K12: 18:30:16 | L12: 5 | M12: 29.08.2026 | N12: 14:00:16 | O12: CWC | P12: 1031 | Q12: 29.08.2026 | R12: 18:30:16 | T12: 00:00:00 | U12: H | V12: X | X12: 29.08.2026 | Y12: 14:00:16 | Z12: A | AC12: 1031-CWC-MC
A13: M2 | B13: 11000578 | C13: =VLOOKUP(B13,Equipment!A$1:J$575,9,0) -> E | D13: 320000018586 | E13: 120000018661 | F13: JOBS-GRANSPEED 5-5 AXIS CNC | G13: X- axis bellows tension spring broken | H13: 29.08.2026 | I13: 29.08.2026 | J13: 17:20:32 | K13: 19:35:54 | L13: 2.26 | M13: 29.08.2026 | N13: 18:02:32 | O13: CWC | P13: 1031 | Q13: 29.08.2026 | R13: 19:35:54 | T13: 00:00:00 | U13: H | V13: X | X13: 29.08.2026 | Y13: 18:02:32 | Z13: A | AC13: 1031-CWC-MC
A14: M2 | B14: 11000387 | C14: =VLOOKUP(B14,Equipment!A$1:J$575,9,0) -> #N/A | D14: 320000018576 | E14: 120000018691 | F14: MSK-4 N01-01 | G14: cut coolant pressure low | H14: 29.08.2026 | I14: 31.08.2026 | J14: 09:40:55 | K14: 10:36:28 | L14: 0.48 | M14: 29.08.2026 | N14: 10:01:55 | O14: MCS | P14: 1041 | Q14: 31.08.2026 | R14: 10:36:28 | T14: 00:00:00 | U14: H | V14: X | X14: 29.08.2026 | Y14: 09:40:09 | Z14: A | AC14: 1041-MCS-MC
A15: M2 | B15: 11000388 | C15: =VLOOKUP(B15,Equipment!A$1:J$575,9,0) -> #N/A | D15: 320000018606 | E15: 120000018690 | F15: MSK-5 N01-01 | G15: cycle not start | H15: 29.08.2026 | I15: 29.08.2026 | J15: 11:00:00 | K15: 03:58:18 | L15: 1.83 | M15: 29.08.2026 | N15: 09:53:53 | O15: MCS | P15: 1041 | Q15: 29.08.2026 | R15: 03:58:18 | T15: 00:00:00 | U15: H | V15: X | X15: 29.08.2026 | Y15: 06:30:25 | Z15: A | AC15: 1041-MCS-MC
A16: M2 | B16: 11000453 | C16: =VLOOKUP(B16,Equipment!A$1:J$575,9,0) -> E | D16: 320000018603 | E16: 120000018599 | F16: Bavius TR 120-1 N01-02 | G16: C-Axis leakage | H16: 29.08.2026 | I16: 29.08.2026 | J16: 10:30:00 | K16: 03:31:11 | L16: 3.67 | M16: 29.08.2026 | N16: 07:11:54 | O16: MCS | P16: 1041 | Q16: 29.08.2026 | R16: 03:31:11 | T16: 00:00:00 | U16: H | V16: X | X16: 29.08.2026 | Y16: 07:11:54 | Z16: A | AC16: 1041-MCS-MC
A17: M2 | B17: 11000454 | C17: =VLOOKUP(B17,Equipment!A$1:J$575,9,0) -> E | D17: 320000018604 | E17: 120000018693 | F17: Bavius TR 120-2 N01-02 | G17: Handwheel blinking | H17: 29.08.2026 | I17: 29.08.2026 | J17: 12:30:00 | K17: 03:37:05 | L17: 0.33 | M17: 29.08.2026 | N17: 12:22:09 | O17: MCS | P17: 1041 | Q17: 29.08.2026 | R17: 03:37:05 | T17: 00:00:00 | U17: H | V17: X | X17: 29.08.2026 | Y17: 12:22:09 | Z17: A | AC17: 1041-MCS-MC
A18: M2 | B18: 11000455 | C18: =VLOOKUP(B18,Equipment!A$1:J$575,9,0) -> E | D18: 320000018602 | E18: 120000018576 | F18: Bavius TR 120-3 N01-02 | G18: Vacuum not reached alarm comes | H18: 29.08.2026 | I18: 29.08.2026 | J18: 03:00:00 | K18: 03:19:40 | L18: 0.67 | M18: 29.08.2026 | N18: 07:08:46 | O18: MCS | P18: 1041 | Q18: 29.08.2026 | R18: 03:19:40 | T18: 00:00:00 | U18: H | V18: X | X18: 29.08.2026 | Y18: 07:08:46 | Z18: A | AC18: 1041-MCS-MC
A19: M2 | B19: 11000208 | C19: =VLOOKUP(B19,Equipment!A$1:J$575,9,0) -> E | D19: 320000018560 | E19: 120000018670 | F19: MACHINING CENTRE 3 AXIS HAAS VF6 #8 | G19: Tool stuck into Spindle at VF6-3axis | H19: 29.08.2026 | I19: 29.08.2026 | J19: 08:00:00 | K19: 11:00:00 | L19: 3 | M19: 29.08.2026 | N19: 08:00:00 | O19: MSD | P19: 2001 | Q19: 29.08.2026 | R19: 11:00:00 | S19: 29.08.2026 | T19: 11:00:00 | U19: H | V19: X | X19: 29.08.2026 | Y19: 08:00:00 | Z19: A | AC19: 2001-MSD-PF
A20: M2 | B20: 11000227 | C20: =VLOOKUP(B20,Equipment!A$1:J$575,9,0) -> E | D20: 320000018568 | E20: 120000018577 | F20: HYDROFORM LARGE PRESS-AVURE | G20: Rubber press machine tray A not working | H20: 29.08.2026 | I20: 30.08.2026 | J20: 23:30:00 | K20: 03:00:00 | L20: 3.5 | M20: 29.08.2026 | N20: 23:30:00 | O20: SMD | P20: 2001 | Q20: 30.08.2026 | R20: 03:00:00 | T20: 00:00:00 | U20: H | V20: X | X20: 29.08.2026 | Y20: 19:43:50 | Z20: A | AC20: 2001-SMD-FR
A21: M2 | B21: 11000302 | C21: =VLOOKUP(B21,Equipment!A$1:J$575,9,0) -> E | D21: 320000018567 | E21: 120000018628 | F21: 5-AXIS DMG MORI DMC 160U-A | G21: Laser not reay | H21: 29.08.2026 | I21: 29.08.2026 | J21: 15:30:00 | K21: 19:00:00 | L21: 3.5 | M21: 29.08.2026 | N21: 15:30:00 | O21: MSD | P21: 2001 | Q21: 29.08.2026 | R21: 19:00:00 | T21: 00:00:00 | U21: H | V21: X | X21: 29.08.2026 | Y21: 13:37:29 | Z21: A | AC21: 2001-MSD-PF
A22: M2 | B22: 11000322 | C22: =VLOOKUP(B22,Equipment!A$1:J$575,9,0) -> E | D22: 320000018566 | E22: 120000018578 | F22: 3 AXIS MACHINE JYOTHI HURON NX3222 NVU-C | G22: Coolant leakage | H22: 29.08.2026 | I22: 29.08.2026 | J22: 20:00:00 | K22: 21:00:00 | L22: 1 | M22: 29.08.2026 | N22: 20:00:00 | O22: MSD | P22: 2001 | Q22: 29.08.2026 | R22: 21:00:00 | T22: 00:00:00 | U22: H | V22: X | X22: 29.08.2026 | Y22: 21:26:31 | Z22: A | AC22: 2001-MSD-PF
A23: M2 | B23: 11000576 | C23: =VLOOKUP(B23,Equipment!A$1:J$575,9,0) -> E | D23: 320000018588 | E23: 120000018595 | F23: Breton2-Eagle-5 Axis CNC | G23: nck comunication failure alarm & dada pc | H23: 28.08.2026 | I23: 28.08.2026 | J23: 02:00:35 | K23: 03:15:40 | L23: 1.25 | M23: 28.08.2026 | N23: 02:29:35 | O23: CWC | P23: 1031 | Q23: 28.08.2026 | R23: 03:15:40 | T23: 00:00:00 | U23: H | V23: X | X23: 28.08.2026 | Y23: 02:29:35 | Z23: A | AC23: 1031-CWC-MC
A24: M2 | B24: 11000578 | C24: =VLOOKUP(B24,Equipment!A$1:J$575,9,0) -> E | D24: 320000018587 | E24: 120000018598 | F24: JOBS-GRANSPEED 5-5 AXIS CNC | G24: C axis return cooling line not OK | H24: 28.08.2026 | I24: 28.08.2026 | J24: 14:15:33 | K24: 15:10:00 | L24: 0.91 | M24: 28.08.2026 | N24: 15:12:33 | O24: CWC | P24: 1031 | Q24: 29.08.2026 | R24: 15:10:00 | T24: 00:00:00 | U24: H | V24: X | X24: 28.08.2026 | Y24: 15:12:33 | Z24: A | AC24: 1031-CWC-MC
A25: M2 | B25: 11000379 | C25: =VLOOKUP(B25,Equipment!A$1:J$575,9,0) -> E | D25: 320000018657 | E25: 120000018659 | F25: HMC - H5000 2 (HMC-03) N01-01 | G25: feed automatically 0% | H25: 28.08.2026 | I25: 29.08.2026 | J25: 23:50:21 | K25: 00:10:14 | L25: 0.33 | M25: 29.08.2026 | N25: 00:32:21 | O25: MCS | P25: 1041 | Q25: 29.08.2026 | R25: 08:22:36 | S25: 30.08.2026 | T25: 00:33:52 | U25: H | V25: X | X25: 29.08.2026 | Y25: 00:33:52 | Z25: A | AC25: 1041-MCS-MC
A26: M2 | B26: 11000379 | C26: =VLOOKUP(B26,Equipment!A$1:J$575,9,0) -> E | D26: 320000018904 | E26: 120000018654 | F26: HMC - H5000 2 (HMC-03) N01-01 | G26: Y HARDWARE FAULT OF ACTIVE ENCODER | H26: 28.08.2026 | I26: 28.08.2026 | J26: 07:30:00 | K26: 04:01:37 | L26: 0.5 | M26: 28.08.2026 | N26: 07:35:05 | O26: MCS | P26: 1041 | Q26: 28.08.2026 | R26: 04:01:37 | S26: 01.09.2026 | T26: 07:36:18 | U26: H | V26: X | X26: 28.08.2026 | Y26: 07:36:18 | Z26: A | AC26: 1041-MCS-MC
A27: M2 | B27: 11000386 | C27: =VLOOKUP(B27,Equipment!A$1:J$575,9,0) -> E | D27: 320000019025 | E27: 120000018652 | F27: MSK-3 N01-01 | G27: TOOL PULL OUT | H27: 28.08.2026 | I27: 28.08.2026 | J27: 03:10:08 | K27: 11:08:27 | L27: 1 | M27: 28.08.2026 | N27: 05:27:08 | O27: MCS | P27: 1041 | Q27: 28.08.2026 | R27: 11:08:27 | S27: 29.08.2026 | T27: 05:27:46 | U27: H | V27: X | X27: 28.08.2026 | Y27: 03:10:46 | Z27: A | AC27: 1041-MCS-MC
A28: M2 | B28: 11000449 | C28: =VLOOKUP(B28,Equipment!A$1:J$575,9,0) -> E | D28: 320000018648 | E28: 120000018660 | F28: Bavius 2mtr-N01-02 | G28: pallet change issue. | H28: 28.08.2026 | I28: 28.08.2026 | J28: 12:18:51 | K28: 02:17:57 | L28: 3.35 | M28: 28.08.2026 | N28: 12:18:51 | O28: MCS | P28: 1041 | Q28: 28.08.2026 | R28: 02:17:57 | S28: 29.08.2026 | T28: 12:19:48 | U28: H | V28: X | Y28: 00:00:00 | Z28: A | AC28: 1041-MCS-MC
A29: M2 | B29: 11000454 | C29: =VLOOKUP(B29,Equipment!A$1:J$575,9,0) -> E | D29: 320000018531 | E29: 120000018627 | F29: Bavius TR 120-2 N01-02 | G29: Air pressure low alarm comes. | H29: 28.08.2026 | I29: 28.08.2026 | J29: 16:31:08 | K29: 01:40:18 | L29: 0.48 | M29: 28.08.2026 | N29: 16:31:08 | O29: MCS | P29: 1041 | Q29: 28.08.2026 | R29: 01:40:18 | S29: 29.08.2026 | T29: 16:32:11 | U29: H | V29: X | Y29: 00:00:00 | Z29: A | AC29: 1041-MCS-MC
A30: M2 | B30: 11000494 | C30: =VLOOKUP(B30,Equipment!A$1:J$575,9,0) -> E | D30: 320000018647 | E30: 120000018608 | F30: Makino A500Z-2 N01-02 | G30: abnormal sound comes in running part whi | H30: 28.08.2026 | I30: 28.08.2026 | J30: 10:00:00 | K30: 01:58:28 | L30: 8 | M30: 28.08.2026 | N30: 10:16:06 | O30: MCS | P30: 1041 | Q30: 28.08.2026 | R30: 01:58:28 | S30: 01.09.2026 | T30: 10:17:03 | U30: H | V30: X | Y30: 00:00:00 | Z30: A | AC30: 1041-MCS-MC
A31: M2 | B31: 11000227 | C31: =VLOOKUP(B31,Equipment!A$1:J$575,9,0) -> E | D31: 320000018565 | E31: 120000018626 | F31: HYDROFORM LARGE PRESS-AVURE | G31: Rubber Press machine not working | H31: 28.08.2026 | I31: 28.08.2026 | J31: 10:00:00 | K31: 20:30:00 | L31: 10.5 | M31: 28.08.2026 | N31: 10:00:00 | O31: SMD | P31: 2001 | Q31: 28.08.2026 | R31: 20:30:00 | T31: 00:00:00 | U31: H | V31: X | X31: 28.08.2026 | Y31: 10:33:07 | Z31: A | AC31: 2001-SMD-FR
A32: M2 | B32: 11000254 | C32: =VLOOKUP(B32,Equipment!A$1:J$575,9,0) -> E | D32: 320000018415 | E32: 120000018596 | F32: 3 AXIS CNC MACHINING CENTER JOBS SPEEDER | G32: spindle cooling line not ok | H32: 28.08.2026 | I32: 28.08.2026 | J32: 04:25:32 | K32: 05:00:00 | L32: 0.57 | M32: 28.08.2026 | N32: 04:25:32 | O32: MSD | P32: 2001 | Q32: 28.08.2026 | R32: 05:00:00 | T32: 00:00:00 | U32: H | V32: X | X32: 28.08.2026 | Y32: 04:25:32 | Z32: A | AC32: 2001-MSD-PF
A33: M2 | B33: 11000316 | C33: =VLOOKUP(B33,Equipment!A$1:J$575,9,0) -> E | D33: 320000018558 | E33: 120000018624 | F33: MAZAKI-500-1 Variaxis Machining Center | G33: Hydraulic unit pressure down | H33: 28.08.2026 | I33: 28.08.2026 | J33: 22:00:00 | K33: 23:30:00 | L33: 1.5 | M33: 28.08.2026 | N33: 22:00:00 | O33: AES | P33: 2001 | Q33: 28.08.2026 | R33: 23:30:00 | S33: 28.08.2026 | T33: 23:30:00 | U33: H | V33: X | X33: 28.08.2026 | Y33: 22:00:00 | Z33: A | AC33: 2001-AES-MC
A34: M2 | B34: 11000316 | C34: =VLOOKUP(B34,Equipment!A$1:J$575,9,0) -> E | D34: 320000018557 | E34: 120000018625 | F34: MAZAKI-500-1 Variaxis Machining Center | G34: tool height .2mm variation observed | H34: 28.08.2026 | I34: 28.08.2026 | J34: 14:00:00 | K34: 16:30:00 | L34: 2.5 | M34: 28.08.2026 | N34: 14:00:00 | O34: AES | P34: 2001 | Q34: 28.08.2026 | R34: 16:30:00 | S34: 28.08.2026 | T34: 16:30:00 | U34: H | V34: X | X34: 28.08.2026 | Y34: 14:00:00 | Z34: A | AC34: 2001-AES-MC
A35: M2 | B35: 11000318 | C35: =VLOOKUP(B35,Equipment!A$1:J$575,9,0) -> E | D35: 320000018556 | E35: 120000018656 | F35: DOOSAN-1 PUMA V8300MR 3 Axis VTL | G35: ATC unit air leackeage issue | H35: 28.08.2026 | I35: 28.08.2026 | J35: 09:00:00 | K35: 10:00:00 | L35: 1 | M35: 28.08.2026 | N35: 09:00:00 | O35: AES | P35: 2001 | Q35: 28.08.2026 | R35: 10:00:00 | S35: 28.08.2026 | T35: 10:00:00 | U35: H | V35: X | X35: 28.08.2026 | Y35: 09:00:00 | Z35: A | AC35: 2001-AES-TC
A36: M2 | B36: 11000322 | C36: =VLOOKUP(B36,Equipment!A$1:J$575,9,0) -> E | D36: 320000018555 | E36: 120000018609 | F36: 3 AXIS MACHINE JYOTHI HURON NX3222 NVU-C | G36: Axis SP1 drive fault | H36: 28.08.2026 | I36: 28.08.2026 | J36: 21:00:00 | K36: 22:00:00 | L36: 1 | M36: 28.08.2026 | N36: 21:00:00 | O36: MSD | P36: 2001 | Q36: 28.08.2026 | R36: 22:00:00 | S36: 28.08.2026 | T36: 22:00:01 | U36: H | V36: X | X36: 28.08.2026 | Y36: 21:00:00 | Z36: A | AC36: 2001-MSD-PF
A37: M2 | B37: 11000327 | C37: =VLOOKUP(B37,Equipment!A$1:J$575,9,0) -> E | D37: 320000018554 | E37: 120000018597 | F37: 3-AXIS VMC RDX20(JYOTI) | G37: SPINDLE CHILLR NOT ON ALARAM | H37: 28.08.2026 | I37: 28.08.2026 | J37: 15:00:00 | K37: 16:00:00 | L37: 1 | M37: 28.08.2026 | N37: 15:00:00 | O37: MSD | P37: 2001 | Q37: 28.08.2026 | R37: 16:00:00 | S37: 28.08.2026 | T37: 16:00:00 | U37: H | V37: X | X37: 28.08.2026 | Y37: 15:00:00 | Z37: A | AC37: 2001-MSD-GC
A38: M2 | B38: 11000380 | C38: =VLOOKUP(B38,Equipment!A$1:J$575,9,0) -> E | D38: 320000018704 | E38: 120000018640 | F38: HMC - H5000 3 (HMC 4) N01-01 | G38: tool change door not open | H38: 27.08.2026 | I38: 03.09.2026 | J38: 11:27:33 | K38: 12:18:44 | L38: 48.04 | M38: 27.08.2026 | N38: 11:27:33 | O38: MCS | P38: 1041 | Q38: 03.09.2026 | R38: 12:18:44 | S38: 31.08.2026 | T38: 11:30:07 | U38: H | V38: X | Y38: 00:00:00 | Z38: A | AC38: 1041-MCS-MC
A39: M2 | B39: 11000382 | C39: =VLOOKUP(B39,Equipment!A$1:J$575,9,0) -> E | D39: 320000018443 | E39: 120000018637 | F39: HMC - H5000 (HMC 6)(N01-01) | G39: atc cylinder leakage | H39: 27.08.2026 | I39: 27.08.2026 | J39: 04:40:41 | K39: 11:50:14 | L39: 7.16 | M39: 27.08.2026 | N39: 04:40:41 | O39: MCS | P39: 1041 | Q39: 27.08.2026 | R39: 02:31:41 | S39: 31.08.2026 | T39: 04:42:21 | U39: H | V39: X | Y39: 00:00:00 | Z39: A | AC39: 1041-MCS-MC
A40: M2 | B40: 11000384 | C40: =VLOOKUP(B40,Equipment!A$1:J$575,9,0) -> E | D40: 320000018488 | E40: 120000018639 | F40: MSK-1 N01-01 | G40: COOLANT PRESSURE NOT PROPER | H40: 27.08.2026 | I40: 27.08.2026 | J40: 09:30:00 | K40: 14:24:27 | L40: 0.83 | M40: 27.08.2026 | N40: 08:39:49 | O40: MCS | P40: 1041 | Q40: 27.08.2026 | R40: 14:24:27 | S40: 31.08.2026 | T40: 08:40:56 | U40: H | V40: X | Y40: 00:00:00 | Z40: A | AC40: 1041-MCS-MC
A41: M2 | B41: 11000384 | C41: =VLOOKUP(B41,Equipment!A$1:J$575,9,0) -> E | D41: 320000018356 | E41: 120000018643 | F41: MSK-1 N01-01 | G41: PALLET STUCK | H41: 27.08.2026 | I41: 27.08.2026 | J41: 14:15:25 | K41: 19:56:37 | L41: 0.33 | M41: 27.08.2026 | N41: 14:15:25 | O41: MCS | P41: 1041 | Q41: 27.08.2026 | R41: 19:56:37 | S41: 31.08.2026 | T41: 14:17:27 | U41: H | V41: X | Y41: 00:00:00 | Z41: A | AC41: 1041-MCS-MC
A42: M2 | B42: 11000390 | C42: =VLOOKUP(B42,Equipment!A$1:J$575,9,0) -> E | D42: 320000018357 | E42: 120000018642 | F42: Mazak- 2 N01-01 | G42: MAGZINE SHIFTER THERMAL TRIP | H42: 27.08.2026 | I42: 27.08.2026 | J42: 12:55:00 | K42: 13:35:00 | L42: 0.5 | M42: 27.08.2026 | N42: 12:55:00 | O42: MCS | P42: 1041 | Q42: 27.08.2026 | R42: 13:35:00 | S42: 31.08.2026 | T42: 12:57:28 | U42: H | V42: X | Y42: 00:00:00 | Z42: A | AC42: 1041-MCS-MC
A43: M2 | B43: 11000449 | C43: =VLOOKUP(B43,Equipment!A$1:J$575,9,0) -> E | D43: 320000018465 | E43: 120000018594 | F43: Bavius 2mtr-N01-02 | G43: Waiting for HMI alaram come | H43: 27.08.2026 | I43: 27.08.2026 | J43: 19:08:22 | K43: 19:40:15 | L43: 0.37 | M43: 27.08.2026 | N43: 19:08:22 | O43: MCS | P43: 1041 | Q43: 27.08.2026 | R43: 19:40:15 | S43: 28.08.2026 | T43: 19:09:44 | U43: H | V43: X | Y43: 00:00:00 | Z43: A | AC43: 1041-MCS-MC
A44: M2 | B44: 11000453 | C44: =VLOOKUP(B44,Equipment!A$1:J$575,9,0) -> E | D44: 320000018752 | E44: 120000018646 | F44: Bavius TR 120-1 N01-02 | G44: Air pressure supply 1 not ok | H44: 27.08.2026 | I44: 27.08.2026 | J44: 16:12:03 | K44: 08:42:21 | L44: 0.81 | M44: 27.08.2026 | N44: 16:12:03 | O44: MCS | P44: 1041 | Q44: 27.08.2026 | R44: 08:42:21 | S44: 28.08.2026 | T44: 16:12:44 | U44: H | V44: X | Y44: 00:00:00 | Z44: A | AC44: 1041-MCS-MC
A45: M2 | B45: 11000454 | C45: =VLOOKUP(B45,Equipment!A$1:J$575,9,0) -> E | D45: 320000018753 | E45: 120000018607 | F45: Bavius TR 120-2 N01-02 | G45: chips conveyor overload control tripped | H45: 27.08.2026 | I45: 27.08.2026 | J45: 16:14:55 | K45: 08:59:06 | L45: 0.76 | M45: 27.08.2026 | N45: 16:14:55 | O45: MCS | P45: 1041 | Q45: 27.08.2026 | R45: 08:59:06 | S45: 28.08.2026 | T45: 16:16:13 | U45: H | V45: X | Y45: 00:00:00 | Z45: A | AC45: 1041-MCS-MC
A46: M2 | B46: 11001303 | C46: =VLOOKUP(B46,Equipment!A$1:J$575,9,0) -> E | D46: 320000018466 | E46: 120000018641 | F46: Router Machine 3 N01-02 | G46: ROUTER 3 DUST COLLCTOR PIPE BROKEN | H46: 27.08.2026 | I46: 27.08.2026 | J46: 11:39:11 | K46: 21:21:04 | L46: 2.68 | M46: 27.08.2026 | N46: 11:39:11 | O46: SMD | P46: 1041 | Q46: 27.08.2026 | R46: 21:21:04 | S46: 28.08.2026 | T46: 11:40:35 | U46: H | V46: X | X46: 27.08.2026 | Y46: 11:40:35 | Z46: A | AC46: 1041-SMD-RU
A47: M2 | B47: 11000302 | C47: =VLOOKUP(B47,Equipment!A$1:J$575,9,0) -> E | D47: 320000018478 | E47: 120000018649 | F47: 5-AXIS DMG MORI DMC 160U-A | G47: Laser not reay | H47: 27.08.2026 | I47: 27.08.2026 | J47: 16:40:00 | K47: 19:40:00 | L47: 3 | M47: 27.08.2026 | N47: 16:40:00 | O47: MSD | P47: 2001 | Q47: 27.08.2026 | R47: 19:40:00 | S47: 27.08.2026 | T47: 19:40:00 | U47: H | V47: X | X47: 27.08.2026 | Y47: 16:40:00 | Z47: A | AC47: 2001-MSD-PF
A48: M2 | B48: 11000322 | C48: =VLOOKUP(B48,Equipment!A$1:J$575,9,0) -> E | D48: 320000018409 | E48: 120000018592 | F48: 3 AXIS MACHINE JYOTHI HURON NX3222 NVU-C | G48: chips convayor motor overload alarm | H48: 27.08.2026 | I48: 27.08.2026 | J48: 04:30:00 | K48: 05:30:00 | L48: 1 | M48: 27.08.2026 | N48: 04:30:00 | O48: MSD | P48: 2001 | Q48: 27.08.2026 | R48: 05:30:00 | T48: 00:00:00 | U48: H | V48: X | X48: 27.08.2026 | Y48: 04:58:41 | Z48: A | AC48: 2001-MSD-PF
A49: M2 | B49: 11000325 | C49: =VLOOKUP(B49,Equipment!A$1:J$575,9,0) -> E | D49: 320000018553 | E49: 120000018593 | F49: 5-AXIS HAAS UMC 750 -A | G49: rotary breake engagement failure | H49: 27.08.2026 | I49: 27.08.2026 | J49: 10:00:02 | K49: 17:30:29 | L49: 7.51 | M49: 27.08.2026 | N49: 10:00:02 | O49: MSD | P49: 2001 | Q49: 27.08.2026 | R49: 17:30:49 | S49: 27.08.2026 | T49: 17:30:48 | U49: H | V49: X | X49: 27.08.2026 | Y49: 10:00:02 | Z49: A | AC49: 2001-MSD-PF
A50: M2 | B50: 11000327 | C50: =VLOOKUP(B50,Equipment!A$1:J$575,9,0) -> E | D50: 320000018552 | E50: 120000018575 | F50: 3-AXIS VMC RDX20(JYOTI) | G50: Spindle chiller not on at RDX | H50: 27.08.2026 | I50: 27.08.2026 | J50: 20:30:51 | K50: 21:30:17 | L50: 0.99 | M50: 27.08.2026 | N50: 20:30:51 | O50: MSD | P50: 2001 | Q50: 27.08.2026 | R50: 21:30:50 | S50: 27.08.2026 | T50: 21:30:21 | U50: H | V50: X | X50: 27.08.2026 | Y50: 20:30:51 | Z50: A | AC50: 2001-MSD-GC
A51: M2 | B51: 11001252 | C51: =VLOOKUP(B51,Equipment!A$1:J$575,9,0) -> E | D51: 320000018410 | E51: 120000018605 | F51: MAZAK VTL MEGA TURN 900 M | G51: ATC malfunction alarm | H51: 27.08.2026 | I51: 27.08.2026 | J51: 13:30:00 | K51: 16:30:00 | L51: 3 | M51: 27.08.2026 | N51: 13:30:00 | O51: AES | P51: 2001 | Q51: 27.08.2026 | R51: 16:30:00 | T51: 00:00:00 | U51: H | V51: X | X51: 27.08.2026 | Y51: 13:28:04 | Z51: A
A52: M2 | B52: 11000379 | C52: =VLOOKUP(B52,Equipment!A$1:J$575,9,0) -> E | D52: 320000018430 | E52: 120000018610 | F52: HMC - H5000 2 (HMC-03) N01-01 | G52: re-cooling aggricate unit alarm | H52: 26.08.2026 | I52: 26.08.2026 | J52: 11:19:39 | K52: 09:12:43 | L52: 0.84 | M52: 26.08.2026 | N52: 11:19:39 | O52: MCS | P52: 1041 | Q52: 26.08.2026 | R52: 09:12:43 | S52: 30.08.2026 | T52: 11:21:49 | U52: H | V52: X | Y52: 00:00:00 | Z52: A | AC52: 1041-MCS-MC
A53: M2 | B53: 11000382 | C53: =VLOOKUP(B53,Equipment!A$1:J$575,9,0) -> E | D53: 320000018754 | E53: 120000018589 | F53: HMC - H5000 (HMC 6)(N01-01) | G53: atc malfunction | H53: 26.08.2026 | I53: 27.08.2026 | J53: 08:00:51 | K53: 09:17:08 | L53: 27.49 | M53: 26.08.2026 | N53: 08:16:51 | O53: MCS | P53: 1041 | Q53: 27.08.2026 | R53: 09:17:08 | S53: 30.08.2026 | T53: 08:17:45 | U53: H | V53: X | X53: 26.08.2026 | Y53: 08:17:45 | Z53: A | AC53: 1041-MCS-MC
A54: M2 | B54: 11000386 | C54: =VLOOKUP(B54,Equipment!A$1:J$575,9,0) -> E | D54: 320000018429 | E54: 120000018613 | F54: MSK-3 N01-01 | G54: LUBRICATION PRESSURE DROP | H54: 26.08.2026 | I54: 26.08.2026 | J54: 10:50:00 | K54: 09:06:27 | L54: 0.17 | M54: 26.08.2026 | N54: 13:58:40 | O54: MCS | P54: 1041 | Q54: 26.08.2026 | R54: 09:06:27 | S54: 30.08.2026 | T54: 13:59:35 | U54: H | V54: X | Y54: 00:00:00 | Z54: A | AC54: 1041-MCS-MC
A55: M2 | B55: 11000386 | C55: =VLOOKUP(B55,Equipment!A$1:J$575,9,0) -> E | D55: 320000018432 | E55: 120000018617 | F55: MSK-3 N01-01 | G55: Lubrication pressure drop | H55: 26.08.2026 | I55: 26.08.2026 | J55: 10:50:00 | K55: 09:26:26 | L55: 0.17 | M55: 26.08.2026 | N55: 15:37:19 | O55: MCS | P55: 1041 | Q55: 26.08.2026 | R55: 09:26:26 | S55: 30.08.2026 | T55: 15:38:12 | U55: H | V55: X | X55: 26.08.2026 | Y55: 14:30:12 | Z55: A | AC55: 1041-MCS-MC
A56: M2 | B56: 11000388 | C56: =VLOOKUP(B56,Equipment!A$1:J$575,9,0) -> #N/A | D56: 320000018407 | E56: 120000018616 | F56: MSK-5 N01-01 | G56: ATC ARM STUCK | H56: 26.08.2026 | I56: 26.08.2026 | J56: 11:30:00 | K56: 14:39:28 | L56: 0.58 | M56: 26.08.2026 | N56: 13:56:43 | O56: MCS | P56: 1041 | Q56: 26.08.2026 | R56: 14:39:28 | S56: 30.08.2026 | T56: 14:11:20 | U56: H | V56: X | Y56: 00:00:00 | Z56: A | AC56: 1041-MCS-MC
A57: M2 | B57: 11000449 | C57: =VLOOKUP(B57,Equipment!A$1:J$575,9,0) -> E | D57: 320000018431 | E57: 120000018591 | F57: Bavius 2mtr-N01-02 | G57: WAITING FOR HMI ALL LIGHT START BLINKING | H57: 26.08.2026 | I57: 26.08.2026 | J57: 05:00:00 | K57: 09:21:01 | L57: 3.75 | M57: 26.08.2026 | N57: 05:14:42 | O57: MCS | P57: 1041 | Q57: 26.08.2026 | R57: 09:21:01 | S57: 27.08.2026 | T57: 05:16:52 | U57: H | V57: X | Y57: 00:00:00 | Z57: A | AC57: 1041-MCS-MC
A58: M2 | B58: 11000453 | C58: =VLOOKUP(B58,Equipment!A$1:J$575,9,0) -> E | D58: 320000018428 | E58: 120000018529 | F58: Bavius TR 120-1 N01-02 | G58: air pressure not ok | H58: 26.08.2026 | I58: 26.08.2026 | J58: 09:50:00 | K58: 08:59:50 | L58: 0.67 | M58: 26.08.2026 | N58: 10:40:31 | O58: MCS | P58: 1041 | Q58: 26.08.2026 | R58: 08:59:50 | S58: 27.08.2026 | T58: 10:41:04 | U58: H | V58: X | Y58: 00:00:00 | Z58: A | AC58: 1041-MCS-MC
A59: M2 | B59: 11000485 | C59: =VLOOKUP(B59,Equipment!A$1:J$575,9,0) -> E | D59: 320000018649 | E59: 120000018528 | F59: Jyoti VMC-01 N01-02 | G59: tool changing issue | H59: 26.08.2026 | I59: 26.08.2026 | J59: 02:00:00 | K59: 02:26:09 | L59: 1 | M59: 26.08.2026 | N59: 02:33:43 | O59: MCS | P59: 1041 | Q59: 26.08.2026 | R59: 02:26:09 | S59: 27.08.2026 | T59: 02:34:49 | U59: H | V59: X | Y59: 00:00:00 | Z59: A | AC59: 1041-MCS-MC
A60: M2 | B60: 11001303 | C60: =VLOOKUP(B60,Equipment!A$1:J$575,9,0) -> E | D60: 320000018590 | E60: 120000018634 | F60: Router Machine 3 N01-02 | G60: SP Spindle drive faul alarm in ROUTER 3 | H60: 26.08.2026 | I60: 26.08.2026 | J60: 21:25:16 | K60: 03:22:07 | L60: 0.5 | M60: 26.08.2026 | N60: 21:42:16 | O60: SMD | P60: 1041 | Q60: 26.08.2026 | R60: 03:22:07 | S60: 27.08.2026 | T60: 21:45:37 | U60: H | V60: X | X60: 26.08.2026 | Y60: 21:45:37 | Z60: A | AC60: 1041-SMD-RU
A61: M2 | B61: 11000386 | C61: =VLOOKUP(B61,Equipment!A$1:J$575,9,0) -> E | D61: 320000018652 | E61: 120000018587 | F61: MSK-3 N01-01 | G61: Pallet not change | H61: 25.08.2026 | I61: 25.08.2026 | J61: 21:00:00 | K61: 03:07:49 | L61: 0.42 | M61: 25.08.2026 | N61: 23:56:17 | O61: MCS | P61: 1041 | Q61: 25.08.2026 | R61: 03:07:49 | S61: 26.08.2026 | T61: 23:57:46 | U61: H | V61: X | X61: 25.08.2026 | Y61: 23:57:46 | Z61: A | AC61: 1041-MCS-MC
A62: M2 | B62: 11000439 | C62: =VLOOKUP(B62,Equipment!A$1:J$575,9,0) -> E | D62: 320000018435 | E62: 120000018580 | F62: HMC-Heller-HF3500 (HMC 8) N01-01 | G62: coolant high pressure alarm | H62: 25.08.2026 | I62: 25.08.2026 | J62: 07:00:00 | K62: 09:57:25 | L62: 0.5 | M62: 25.08.2026 | N62: 07:59:00 | O62: MCS | P62: 1041 | Q62: 25.08.2026 | R62: 09:57:25 | S62: 29.08.2026 | T62: 07:59:43 | U62: H | V62: X | Y62: 00:00:00 | Z62: A | AC62: 1041-MCS-MC
A63: M2 | B63: 11000453 | C63: =VLOOKUP(B63,Equipment!A$1:J$575,9,0) -> E | D63: 320000018651 | E63: 120000018583 | F63: Bavius TR 120-1 N01-02 | G63: vaccume issue | H63: 25.08.2026 | I63: 25.08.2026 | J63: 16:30:00 | K63: 02:59:46 | L63: 2.5 | M63: 25.08.2026 | N63: 15:35:58 | O63: MCS | P63: 1041 | Q63: 25.08.2026 | R63: 02:59:46 | S63: 26.08.2026 | T63: 15:36:50 | U63: H | V63: X | Y63: 00:00:00 | Z63: A | AC63: 1041-MCS-MC
A64: M2 | B64: 11000481 | C64: =VLOOKUP(B64,Equipment!A$1:J$575,9,0) -> E | D64: 320000018892 | E64: 120000018468 | F64: HURON 5 Axis Machine-1 N01-02 | G64: machine spiral conveyor broken | H64: 25.08.2026 | I64: 25.08.2026 | J64: 03:20:00 | K64: 02:13:23 | L64: 8.5 | M64: 25.08.2026 | N64: 03:16:59 | O64: MCS | P64: 1041 | Q64: 25.08.2026 | R64: 02:13:23 | S64: 26.08.2026 | T64: 03:18:11 | U64: H | V64: X | Y64: 00:00:00 | Z64: A | AC64: 1041-MCS-MC
A65: M2 | B65: 11000481 | C65: =VLOOKUP(B65,Equipment!A$1:J$575,9,0) -> E | D65: 320000018437 | E65: 120000018581 | F65: HURON 5 Axis Machine-1 N01-02 | G65: conveyor breck | H65: 25.08.2026 | I65: 25.08.2026 | J65: 03:10:00 | K65: 10:15:46 | L65: 9.33 | M65: 25.08.2026 | N65: 11:14:03 | O65: MCS | P65: 1041 | Q65: 25.08.2026 | R65: 10:15:46 | S65: 26.08.2026 | T65: 11:16:47 | U65: H | V65: X | Y65: 00:00:00 | Z65: A | AC65: 1041-MCS-MC
A66: M2 | B66: 11000485 | C66: =VLOOKUP(B66,Equipment!A$1:J$575,9,0) -> E | D66: 320000018650 | E66: 120000018584 | F66: Jyoti VMC-01 N01-02 | G66: tool clamping issue | H66: 25.08.2026 | I66: 25.08.2026 | J66: 17:00:00 | K66: 02:44:53 | L66: 1 | M66: 25.08.2026 | N66: 16:17:55 | O66: MCS | P66: 1041 | Q66: 25.08.2026 | R66: 02:44:53 | S66: 26.08.2026 | T66: 16:18:12 | U66: H | V66: X | Y66: 00:00:00 | Z66: A | AC66: 1041-MCS-MC
A67: M2 | B67: 11000485 | C67: =VLOOKUP(B67,Equipment!A$1:J$575,9,0) -> E | D67: 320000018438 | E67: 120000018439 | F67: Jyoti VMC-01 N01-02 | G67: COOLANT MOTOR NOT WORKING. | H67: 25.08.2026 | I67: 25.08.2026 | J67: 08:10:00 | K67: 10:22:31 | L67: 1.33 | M67: 25.08.2026 | N67: 07:40:58 | O67: MCS | P67: 1041 | Q67: 25.08.2026 | R67: 10:22:31 | S67: 26.08.2026 | T67: 07:42:07 | U67: H | V67: X | Y67: 00:00:00 | Z67: A | AC67: 1041-MCS-MC
A68: M2 | B68: 11000715 | C68: =VLOOKUP(B68,Equipment!A$1:J$575,9,0) -> E | D68: 320000018460 | E68: 120000018567 | F68: Breton Matrix 1000 K80 | G68: Running time suddenly power off | H68: 25.08.2026 | I68: 25.08.2026 | J68: 22:30:00 | K68: 23:20:00 | L68: 0.83 | M68: 25.08.2026 | N68: 22:30:00 | O68: MSD | P68: 2001 | Q68: 25.08.2026 | R68: 23:20:00 | T68: 00:00:00 | U68: H | V68: X | X68: 25.08.2026 | Y68: 23:40:42 | Z68: A | AC68: 2001-MSD-PF
A69: M2 | B69: 11000551 | C69: =VLOOKUP(B69,Equipment!A$1:J$575,9,0) -> E | D69: 320000018589 | E69: 120000018560 | F69: Breton1-Flymill-5Axis CNC | G69: gantry axis synchronized alarm | H69: 24.08.2026 | I69: 24.08.2026 | J69: 11:03:29 | K69: 12:54:00 | L69: 1.84 | M69: 24.08.2026 | N69: 11:22:29 | O69: CWC | P69: 1031 | Q69: 24.08.2026 | R69: 12:54:10 | T69: 00:00:00 | U69: H | V69: X | X69: 24.08.2026 | Y69: 11:22:29 | Z69: A | AC69: 1031-CWC-MC
A70: M2 | B70: 11000378 | C70: =VLOOKUP(B70,Equipment!A$1:J$575,9,0) -> E | D70: 320000019540 | E70: 120000018292 | F70: HMC - H5000 1 (HMC-02) N01-01 | G70: ENCODER ERROR | H70: 24.08.2026 | I70: 24.08.2026 | J70: 05:00:00 | K70: 06:00:00 | L70: 1 | M70: 14.08.2026 | N70: 02:42:35 | O70: MCS | P70: 1041 | Q70: 27.09.2026 | R70: 14:52:29 | S70: 18.08.2026 | T70: 02:42:59 | U70: H | V70: X | Y70: 00:00:00 | Z70: A | AC70: 1041-MCS-MC
A71: M2 | B71: 11000386 | C71: =VLOOKUP(B71,Equipment!A$1:J$575,9,0) -> E | D71: 320000018759 | E71: 120000018555 | F71: MSK-3 N01-01 | G71: APC HOLD AND PALLET NOT CHANGE | H71: 24.08.2026 | I71: 24.08.2026 | J71: 21:00:00 | K71: 10:15:04 | L71: 14.85 | M71: 24.08.2026 | N71: 21:13:59 | O71: MCS | P71: 1041 | Q71: 24.08.2026 | R71: 10:15:04 | S71: 28.08.2026 | T71: 21:16:11 | U71: H | V71: X | X71: 24.08.2026 | Y71: 21:00:00 | Z71: A | AC71: 1041-MCS-MC
A72: M2 | B72: 11000452 | C72: =VLOOKUP(B72,Equipment!A$1:J$575,9,0) -> E | D72: 320000018782 | E72: 120000018466 | F72: Bavius 4mtr N01-02 | G72: AIR PRESURES DROP ISSUE | H72: 24.08.2026 | I72: 24.08.2026 | J72: 12:58:41 | K72: 14:33:46 | L72: 1 | M72: 24.08.2026 | N72: 12:58:41 | O72: MCS | P72: 1041 | Q72: 24.08.2026 | R72: 14:33:46 | S72: 25.08.2026 | T72: 12:59:21 | U72: H | V72: X | Y72: 00:00:00 | Z72: A | AC72: 1041-MCS-MC
A73: M2 | B73: 11000453 | C73: =VLOOKUP(B73,Equipment!A$1:J$575,9,0) -> E | D73: 320000018354 | E73: 120000018359 | F73: Bavius TR 120-1 N01-02 | G73: warming reintank be13.0 | H73: 24.08.2026 | J73: 08:22:56 | K73: 00:00:00 | L73: 0 | M73: 24.08.2026 | N73: 08:22:56 | O73: MCS | P73: 1041 | Q73: 24.08.2026 | R73: 14:01:41 | S73: 25.08.2026 | T73: 08:23:29 | U73: H | V73: X | Y73: 00:00:00 | Z73: A | AC73: 1041-MCS-MC
A74: M2 | B74: 11000481 | C74: =VLOOKUP(B74,Equipment!A$1:J$575,9,0) -> E | D74: 320000018898 | E74: 120000018561 | F74: HURON 5 Axis Machine-1 N01-02 | G74: below cover replecement . | H74: 24.08.2026 | I74: 24.08.2026 | J74: 17:00:00 | K74: 03:03:27 | L74: 3 | M74: 24.08.2026 | N74: 17:05:06 | O74: MCS | P74: 1041 | Q74: 24.08.2026 | R74: 03:03:27 | S74: 25.08.2026 | T74: 17:06:26 | U74: H | V74: X | Y74: 00:00:00 | Z74: A | AC74: 1041-MCS-MC
A75: M2 | B75: 11000511 | C75: =VLOOKUP(B75,Equipment!A$1:J$575,9,0) -> E | D75: 320000018483 | E75: 120000018547 | F75: Router Machine 1 N01-02 | G75: Routing 1 cylinder sensor probelm | H75: 24.08.2026 | I75: 27.08.2026 | J75: 07:20:00 | K75: 11:19:21 | L75: 1.17 | M75: 24.08.2026 | N75: 07:35:40 | O75: SMD | P75: 1041 | Q75: 24.08.2026 | R75: 11:20:54 | S75: 25.08.2026 | T75: 07:38:52 | U75: H | V75: X | X75: 24.08.2026 | Y75: 07:38:52 | Z75: A | AC75: 1041-SMD-RU
A76: M2 | B76: 11000206 | C76: =VLOOKUP(B76,Equipment!A$1:J$575,9,0) -> E | D76: 320000018421 | E76: 120000018523 | F76: ROUTING MACHINE 5 AXIS #6 | G76: feed mode alarm issue | H76: 24.08.2026 | I76: 24.08.2026 | J76: 08:00:00 | K76: 10:00:00 | L76: 2 | M76: 24.08.2026 | N76: 08:00:00 | O76: SMD | P76: 2001 | Q76: 24.08.2026 | R76: 10:00:00 | T76: 00:00:00 | U76: H | V76: X | X76: 24.08.2026 | Y76: 06:41:45 | Z76: A | AC76: 2001-SMD-RU
A77: M2 | B77: 11000270 | C77: =VLOOKUP(B77,Equipment!A$1:J$575,9,0) -> E | D77: 320000018422 | E77: 120000018522 | F77: TURN-MILL MULTIAXIS i-200 | G77: Through coolant malfunction & abnormal | H77: 24.08.2026 | I77: 24.08.2026 | J77: 07:50:00 | K77: 08:30:00 | L77: 0.67 | M77: 24.08.2026 | N77: 07:50:00 | O77: AES | P77: 2001 | Q77: 24.08.2026 | R77: 08:30:00 | T77: 00:00:00 | U77: H | V77: X | X77: 24.08.2026 | Y77: 06:33:47 | Z77: A | AC77: 2001-AES-MC
A78: M2 | B78: 11000303 | C78: =VLOOKUP(B78,Equipment!A$1:J$575,9,0) -> E | D78: 320000018630 | E78: 120000018399 | F78: CCC LINE-KAMTRESS | G78: chiller water pipe damage water | H78: 24.08.2026 | I78: 24.08.2026 | J78: 10:30:00 | K78: 13:00:00 | L78: 2.5 | M78: 24.08.2026 | N78: 10:30:00 | O78: SPD | P78: 2001 | Q78: 24.08.2026 | R78: 13:00:00 | S78: 24.08.2026 | T78: 13:00:00 | U78: H | V78: X | X78: 24.08.2026 | Y78: 10:30:00 | Z78: A | AC78: 2001-SPD-PO
A79: M2 | B79: 11000327 | C79: =VLOOKUP(B79,Equipment!A$1:J$575,9,0) -> E | D79: 320000018423 | E79: 120000018465 | F79: 3-AXIS VMC RDX20(JYOTI) | G79: spindle chiller not on | H79: 24.08.2026 | I79: 24.08.2026 | J79: 10:00:00 | K79: 11:00:00 | L79: 1 | M79: 24.08.2026 | N79: 10:00:00 | O79: MSD | P79: 2001 | Q79: 24.08.2026 | R79: 11:00:00 | T79: 00:00:00 | U79: H | V79: X | X79: 24.08.2026 | Y79: 10:42:28 | Z79: A | AC79: 2001-MSD-GC
A80: M2 | B80: 11000385 | C80: =VLOOKUP(B80,Equipment!A$1:J$575,9,0) -> E | D80: 320000019805 | E80: 120000018538 | F80: MSK-2 N01-01 | G80: APC CONFIRM SIGNAL ABNORMAL | H80: 23.08.2026 | I80: 29.09.2026 | J80: 02:50:58 | K80: 15:59:16 | L80: 3.65 | M80: 23.08.2026 | N80: 02:50:58 | O80: MCS | P80: 1041 | Q80: 29.09.2026 | R80: 15:59:16 | S80: 27.08.2026 | T80: 02:52:55 | U80: H | V80: X | Y80: 00:00:00 | Z80: A | AC80: 1041-MCS-MC
A81: M2 | B81: 11000387 | C81: =VLOOKUP(B81,Equipment!A$1:J$575,9,0) -> #N/A | D81: 320000018909 | E81: 120000018541 | F81: MSK-4 N01-01 | G81: CHIP CONVEYOR DRAM FILTER BROKEN | H81: 23.08.2026 | I81: 23.08.2026 | J81: 05:00:00 | K81: 04:42:18 | L81: 5 | M81: 23.08.2026 | N81: 04:56:29 | O81: MCS | P81: 1041 | Q81: 23.08.2026 | R81: 04:42:18 | S81: 27.08.2026 | T81: 04:58:54 | U81: H | V81: X | Y81: 00:00:00 | Z81: A | AC81: 1041-MCS-MC
A82: M2 | B82: 11000439 | C82: =VLOOKUP(B82,Equipment!A$1:J$575,9,0) -> E | D82: 320000018907 | E82: 120000018545 | F82: HMC-Heller-HF3500 (HMC 8) N01-01 | G82: COOLANT HIGH PRESSURE ABSENT OR FLOW NOT | H82: 23.08.2026 | I82: 23.08.2026 | J82: 14:00:00 | K82: 04:22:04 | L82: 3 | M82: 23.08.2026 | N82: 14:37:18 | O82: MCS | P82: 1041 | Q82: 23.08.2026 | R82: 04:22:04 | S82: 24.08.2026 | T82: 14:38:48 | U82: H | V82: X | X82: 23.08.2026 | Y82: 14:38:48 | Z82: A | AC82: 1041-MCS-MC
A83: M2 | B83: 11000449 | C83: =VLOOKUP(B83,Equipment!A$1:J$575,9,0) -> E | D83: 320000018638 | E83: 120000018542 | F83: Bavius 2mtr-N01-02 | G83: Air leakage | H83: 23.08.2026 | I83: 23.08.2026 | J83: 05:15:23 | K83: 06:26:06 | L83: 0.41 | M83: 23.08.2026 | N83: 05:15:23 | O83: MCS | P83: 1041 | Q83: 23.08.2026 | R83: 06:26:06 | S83: 24.08.2026 | T83: 05:16:07 | U83: H | V83: X | Y83: 00:00:00 | Z83: A | AC83: 1041-MCS-MC
A84: M2 | B84: 11000511 | C84: =VLOOKUP(B84,Equipment!A$1:J$575,9,0) -> E | D84: 320000018901 | E84: 120000018536 | F84: Router Machine 1 N01-02 | G84: dust collector up inprogrees feed and re | H84: 23.08.2026 | I84: 23.08.2026 | J84: 12:30:00 | K84: 03:29:57 | L84: 0.5 | M84: 23.08.2026 | N84: 00:33:03 | O84: SMD | P84: 1041 | Q84: 23.08.2026 | R84: 03:29:57 | T84: 00:00:00 | U84: H | V84: X | X84: 23.08.2026 | Y84: 00:33:03 | Z84: A | AC84: 1041-SMD-RU
A85: M2 | B85: 11001327 | C85: =VLOOKUP(B85,Equipment!A$1:J$575,9,0) -> E | D85: 320000018536 | E85: 120000018437 | F85: Bavius 4mtr-02 N01-02 | G85: safety light barrier occupied | H85: 23.08.2026 | I85: 23.08.2026 | J85: 23:50:00 | K85: 05:25:32 | L85: 2.17 | M85: 23.08.2026 | N85: 01:40:37 | O85: MCS | P85: 1041 | Q85: 23.08.2026 | R85: 05:25:32 | S85: 24.08.2026 | T85: 01:43:28 | U85: H | V85: X | Y85: 00:00:00 | Z85: A | AC85: 1041-MCS-MC
A86: M2 | B86: 11000208 | C86: =VLOOKUP(B86,Equipment!A$1:J$575,9,0) -> E | D86: 320000018367 | E86: 120000018398 | F86: MACHINING CENTRE 3 AXIS HAAS VF6 #8 | G86: display not working | H86: 23.08.2026 | I86: 23.08.2026 | J86: 14:45:44 | K86: 15:50:25 | L86: 1.08 | M86: 23.08.2026 | N86: 14:45:44 | O86: MSD | P86: 2001 | Q86: 23.08.2026 | R86: 15:50:11 | S86: 23.08.2026 | T86: 15:50:10 | U86: H | V86: X | X86: 23.08.2026 | Y86: 14:45:44 | Z86: A | AC86: 2001-MSD-PF
A87: M2 | B87: 11001255 | C87: =VLOOKUP(B87,Equipment!A$1:J$575,9,0) -> E | D87: 320000018365 | E87: 120000018397 | F87: Automatic Riveting Machine(ARM) | G87: LUBE bubble | H87: 22.08.2026 | I87: 22.08.2026 | J87: 12:31:39 | K87: 10:00:00 | L87: 0.04 | M87: 22.08.2026 | N87: 12:31:39 | O87: PL1 | P87: 1001 | Q87: 22.08.2026 | R87: 10:00:00 | T87: 00:00:00 | U87: H | V87: X | X87: 22.08.2026 | Y87: 12:31:39 | Z87: A | AC87: 1001-H01-MAINT-P2
A88: M2 | B88: 11000551 | C88: =VLOOKUP(B88,Equipment!A$1:J$575,9,0) -> E | D88: 320000018377 | E88: 120000018520 | F88: Breton1-Flymill-5Axis CNC | G88: Axis module genral alarm(c1 drive fault) | H88: 22.08.2026 | I88: 22.08.2026 | J88: 09:00:49 | K88: 10:50:12 | L88: 1.83 | M88: 22.08.2026 | N88: 09:30:49 | O88: CWC | P88: 1031 | Q88: 22.08.2026 | R88: 10:50:12 | T88: 00:00:00 | U88: H | V88: X | X88: 22.08.2026 | Y88: 09:30:49 | Z88: A | AC88: 1031-CWC-MC
A89: M2 | B89: 11000389 | C89: =VLOOKUP(B89,Equipment!A$1:J$575,9,0) -> E | D89: 320000018227 | E89: 120000018138 | F89: Mazak- 1 N01-01 | G89: PALLET ARM UP RS. MALF | H89: 22.08.2026 | I89: 22.08.2026 | J89: 02:00:00 | K89: 03:30:00 | L89: 1.5 | M89: 10.08.2026 | N89: 15:14:30 | O89: MCS | P89: 1041 | Q89: 27.09.2026 | R89: 16:25:43 | S89: 14.08.2026 | T89: 15:15:40 | U89: H | V89: X | X89: 10.08.2026 | Y89: 15:15:40 | Z89: A | AC89: 1041-MCS-MC
A90: M2 | B90: 11000389 | C90: =VLOOKUP(B90,Equipment!A$1:J$575,9,0) -> E | D90: 320000018707 | E90: 120000018506 | F90: Mazak- 1 N01-01 | G90: pallet not change | H90: 22.08.2026 | I90: 03.09.2026 | J90: 02:03:20 | K90: 13:55:55 | L90: 0.44 | M90: 22.08.2026 | N90: 02:03:20 | O90: MCS | P90: 1041 | Q90: 03.09.2026 | R90: 13:55:55 | S90: 26.08.2026 | T90: 02:05:17 | U90: H | V90: X | Y90: 00:00:00 | Z90: A | AC90: 1041-MCS-MC
A91: M2 | B91: 11000449 | C91: =VLOOKUP(B91,Equipment!A$1:J$575,9,0) -> E | D91: 320000018338 | E91: 120000018463 | F91: Bavius 2mtr-N01-02 | G91: Heavy coolant leakage | H91: 22.08.2026 | J91: 06:56:14 | K91: 00:00:00 | L91: 0 | M91: 22.08.2026 | N91: 06:56:14 | O91: MCS | P91: 1041 | Q91: 22.08.2026 | R91: 10:37:47 | S91: 23.08.2026 | T91: 06:57:37 | U91: H | V91: X | Y91: 00:00:00 | Z91: A | AC91: 1041-MCS-MC
A92: M2 | B92: 11000454 | C92: =VLOOKUP(B92,Equipment!A$1:J$575,9,0) -> E | D92: 320000018888 | E92: 120000018508 | F92: Bavius TR 120-2 N01-02 | G92: coolant filled in vacuum pipe | H92: 22.08.2026 | I92: 22.08.2026 | J92: 07:20:00 | K92: 00:18:30 | L92: 0.5 | M92: 22.08.2026 | N92: 07:09:18 | O92: MCS | P92: 1041 | Q92: 22.08.2026 | R92: 00:18:30 | S92: 23.08.2026 | T92: 07:10:32 | U92: H | V92: X | Y92: 00:00:00 | Z92: A | AC92: 1041-MCS-MC
A93: M2 | B93: 11000254 | C93: =VLOOKUP(B93,Equipment!A$1:J$575,9,0) -> E | D93: 320000018368 | E93: 120000018511 | F93: 3 AXIS CNC MACHINING CENTER JOBS SPEEDER | G93: Emergency alarm | H93: 22.08.2026 | I93: 22.08.2026 | J93: 09:12:12 | K93: 10:10:02 | L93: 0.96 | M93: 22.08.2026 | N93: 09:12:12 | O93: MSD | P93: 2001 | Q93: 22.08.2026 | R93: 10:10:37 | T93: 00:00:00 | U93: H | V93: X | X93: 22.08.2026 | Y93: 09:12:12 | Z93: A | AC93: 2001-MSD-PF
A94: M2 | B94: 11000254 | C94: =VLOOKUP(B94,Equipment!A$1:J$575,9,0) -> E | D94: 320000018403 | E94: 120000018514 | F94: 3 AXIS CNC MACHINING CENTER JOBS SPEEDER | G94: Hydrolic chiller unit smoke coming | H94: 22.08.2026 | I94: 22.08.2026 | J94: 11:30:00 | K94: 17:00:00 | L94: 5.5 | M94: 22.08.2026 | N94: 11:30:00 | O94: MSD | P94: 2001 | Q94: 22.08.2026 | R94: 17:00:00 | S94: 22.08.2026 | T94: 17:00:00 | U94: H | V94: X | X94: 22.08.2026 | Y94: 11:30:00 | Z94: A | AC94: 2001-MSD-PF
A95: M2 | B95: 11000255 | C95: =VLOOKUP(B95,Equipment!A$1:J$575,9,0) -> E | D95: 320000018366 | E95: 120000018518 | F95: 5 AXIS CNC MACHINING CENTER JOBS EVER7 | G95: Tool change issue | H95: 22.08.2026 | I95: 22.08.2026 | J95: 13:40:00 | K95: 14:20:00 | L95: 0.67 | M95: 22.08.2026 | N95: 13:40:00 | O95: MSD | P95: 2001 | Q95: 22.08.2026 | R95: 14:20:00 | S95: 22.08.2026 | T95: 14:20:00 | U95: H | V95: X | X95: 22.08.2026 | Y95: 13:40:00 | Z95: A | AC95: 2001-MSD-PF
A96: M2 | B96: 11000325 | C96: =VLOOKUP(B96,Equipment!A$1:J$575,9,0) -> E | D96: 320000018440 | E96: 120000018532 | F96: 5-AXIS HAAS UMC 750 -A | G96: coolant system fault | H96: 22.08.2026 | I96: 22.08.2026 | J96: 17:55:00 | K96: 18:40:00 | L96: 0.75 | M96: 22.08.2026 | N96: 17:55:00 | O96: MSD | P96: 2001 | Q96: 22.08.2026 | R96: 18:40:00 | S96: 22.08.2026 | T96: 18:40:00 | U96: H | V96: X | X96: 22.08.2026 | Y96: 17:55:00 | Z96: A | AC96: 2001-MSD-PF
A97: M2 | B97: 11000377 | C97: =VLOOKUP(B97,Equipment!A$1:J$575,9,0) -> E | D97: 320000018404 | E97: 120000018486 | F97: HMC-Heller-MCH 250 (HMC-01)(N01-01) | G97: runtime tool changer door open | H97: 21.08.2026 | J97: 10:23:05 | K97: 00:00:00 | L97: 0 | M97: 21.08.2026 | N97: 10:24:05 | O97: MCS | P97: 1041 | Q97: 24.08.2026 | R97: 12:03:36 | S97: 25.08.2026 | T97: 10:25:23 | U97: H | V97: X | X97: 21.08.2026 | Y97: 10:25:23 | Z97: A | AC97: 1041-MCS-MC
A98: M2 | B98: 11000380 | C98: =VLOOKUP(B98,Equipment!A$1:J$575,9,0) -> E | D98: 320000018709 | E98: 120000018477 | F98: HMC - H5000 3 (HMC 4) N01-01 | G98: re-cooling aggregate unit not operation | H98: 21.08.2026 | I98: 03.09.2026 | J98: 00:00:13 | K98: 14:15:28 | L98: 0.41 | M98: 21.08.2026 | N98: 00:00:13 | O98: MCS | P98: 1041 | Q98: 03.09.2026 | R98: 14:15:28 | S98: 25.08.2026 | T98: 00:03:28 | U98: H | V98: X | Y98: 00:00:00 | Z98: A | AC98: 1041-MCS-MC
A99: M2 | B99: 11000382 | C99: =VLOOKUP(B99,Equipment!A$1:J$575,9,0) -> E | D99: 320000018710 | E99: 120000018482 | F99: HMC - H5000 (HMC 6)(N01-01) | G99: Atc Arm Stuck | H99: 21.08.2026 | I99: 03.09.2026 | J99: 09:58:21 | K99: 14:20:38 | L99: 0.53 | M99: 21.08.2026 | N99: 09:58:21 | O99: MCS | P99: 1041 | Q99: 03.09.2026 | R99: 14:20:38 | S99: 25.08.2026 | T99: 10:00:05 | U99: H | V99: X | Y99: 00:00:00 | Z99: A | AC99: 1041-MCS-MC
A100: M2 | B100: 11000384 | C100: =VLOOKUP(B100,Equipment!A$1:J$575,9,0) -> E | D100: 320000018711 | E100: 120000018479 | F100: MSK-1 N01-01 | G100: HYDRAULIC OIL LOW | H100: 21.08.2026 | I100: 03.09.2026 | J100: 07:07:10 | K100: 14:24:25 | L100: 0.63 | M100: 21.08.2026 | N100: 07:07:10 | O100: MCS | P100: 1041 | Q100: 03.09.2026 | R100: 14:24:25 | S100: 22.08.2026 | T100: 07:08:32 | U100: H | V100: X | Y100: 00:00:00 | Z100: A | AC100: 1041-MCS-MC
...

Sheet Equipment
A1: Equipment | B1: Description | C1: ABC Ind. | D1: Manufacturer of Asset | E1: Manufacturer's Serial Number | F1: Model number | G1: UserStatus | H1: SysStatus | I1: C | J1: Plnt
A2: 11000000 | B2: 5T EOT CRANE-1 | C2: A | D2: KONE CRANES | E2: KS 0311 | F2: 5t | H2: INST | I2: E | J2: 1001
A3: 11000001 | B3: COMPRESSION RIVETING MACHINE_EA COLD | C3: A | D3: US INDUSTRIAL TOOLS LTD | E3: 12091 | F3: US150EA-COLD | H3: INST | I3: E | J3: 1001
A4: 11000005 | B4: PAINT BOOTH-1 | C4: A | D4: TAL | E4: 85000 CFM ASU | F4: 85000 CFM ASU | H4: INST | I4: E | J4: 1001
A5: 11000006 | B5: CHILLER PLANT - 100TR FOR PAINT BOOTH | C5: A | D5: VOLTAS | E5: D000039 | F5: GSWCDXR1001-1 | H5: INST | I5: E | J5: 1001
A6: 11000007 | B6: LATHE MACHINE | C6: A | D6: ESTEAM | E6: 030085 | F6: ETM 410 x 1000 | H6: INST | I6: E | J6: 1001
A7: 11000008 | B7: CYLINDRICAL GRINDING MACHINE | C7: A | D7: SOLCO | E7: 1089 | F7: CMTU 1000 / 150 | H7: INST | I7: E | J7: 1001
A8: 11000009 | B8: VERTICAL MILLING MACHINE | C8: A | D8: ESTEAM | E8: 4KS | F8: 4KS | H8: INST | I8: E | J8: 1001
A9: 11000015 | B9: 5T EOT CRANE-3 | C9: A | D9: KONE CRANES | E9: KS001629 | F9: 5t | H9: INST | I9: E | J9: 1001
A10: 11000019 | B10: 5T EOT CRANE-2 | C10: A | D10: KONE CRANES | E10: KS001577 | F10: 5t | H10: INST | I10: E | J10: 1001
A11: 11000020 | B11: PAINT BOOTH-2 | C11: A | D11: PRISM SURFACE COATINGS | E11: 100962 | F11: HMX57K | H11: INST | I11: E | J11: 1001
A12: 11000021 | B12: CPC PAINT BOOTH (PLANT-3) | C12: A | D12: PRISM | E12: D000008 | F12: ACEGADXR1001MZ | H12: INST | I12: E | J12: 1001
A13: 11000022 | B13: CHILLER UNIT ( PLANT-3) | C13: A | D13: VOLTAS | E13: D000008 | F13: ACEGADXR1001MZ | H13: INST | I13: E | J13: 1001
... A17: 11000036 | B17: WING FUEL LEAK TESTING EQUIPMENT_EXXSOL | C17: A | D17: SOORI HYDRAULICS | E17: SOORI HYDRAULICS | F17: SOORI HYDRAULICS | H17: INST | I17: E | J17: 1001
A18: 11000043 | B18: SPRAY BOOTH CUM OVEN (BTO) | C18: A | D18: TAKISHA | H18: INST | I18: E | J18: 2501
A19: 11000044 | B19: SPRAY BOOTH (BTT) | C19: A | D19: TAKISHA | H19: INST | I19: E | J19: 2501
A20: 11000049 | B20: DOT PEEN MAKING | C20: A | D20: SIC Marking | F20: EC1 | H20: INST | I20: E | J20: 2501
A21: 11000052 | B21: Flap Peening Machine | C21: A | D21: SHOCKFORM | E21: PRO-3708 | F21: FPK-PRO-102-90 | H21: INST | I21: E | J21: 2501
A22: 11000053 | B22: 3T EOT CRANE -1 | C22: A | D22: KONECRANES | E22: 200760061/20 | F22: KS002016​ | H22: INST | I22: E | J22: 2501
A23: 11000054 | B23: 3T EOT CRANE -2 | C23: A | D23: KONECRANES | E23: 200760062/20 | F23: KS002017 | H23: INST | I23: E | J23: 2501
A24: 11000055 | B24: 3T EOT CRANE -3 | C24: A | D24: KONECRANES | E24: 200760063/20 | F24: KS002018 | H24: INST | I24: E | J24: 2501
A25: 11000056 | B25: FUME EXTRANCTION SYSTEM | C25: A | D25: WHITENAIR TECHNOLOGIES | H25: INST | I25: E | J25: 2501
A26: 11000057 | B26: 6.3T EOT CRANE -1 | C26: A | D26: Spark line | E26: DGE0T20006300234 | F26: STAHL | H26: INST | I26: E | J26: 2501
A27: 11000058 | B27: 6.3T EOT CRANE -2 | C27: A | D27: Spark line | E27: DGE0T20006300235 | F27: STAHL | H27: INST | I27: E | J27: 2501
A28: 11000069 | B28: DIMPLING MACHINE 1 | C28: A | D28: US Industrial Tools | E28: 92011.2 | F28: US150EA-Hot | H28: INST | I28: E | J28: 1501
A29: 11000070 | B29: DIMPLING MACHINE 2 | C29: A | D29: US Industrial Tools | E29: 92011.1 | F29: US150EA-Hot | H29: INST | I29: E | J29: 1501
A30: 11000071 | B30: COMPRESSION RIVETER M/C 1 | C30: A | D30: US Industrial Tools | E30: 9110.1 | F30: US150EA | H30: INST | I30: E | J30: 1501
A31: 11000072 | B31: COMPRESSION RIVETER M/C 2 | C31: A | D31: US Industrial Tools | E31: 9110.2 | F31: US150EA | H31: INST | I31: E | J31: 1501
A32: 11000091 | B32: COMPRESSION RIVETER SMALL 150-12 | C32: A | D32: US industrial | E32: NIL | F32: US 150-12 | H32: INST | I32: E | J32: 1501
A33: 11000093 | B33: HOT OVEN-1 | C33: A | D33: NOT AVAILABLE | E33: NOT AVAILABLE | F33: NOT AVAILABLE | H33: INST | I33: E | J33: 1501
A34: 11000094 | B34: SALT SPRAY APPARATUS | C34: A | D34: KIRAN TEST MEASURES | E34: KIRAN TEST MEASURES | F34: KIRAN TEST MEASURES | H34: INST | I34: E | J34: 1501
A35: 11000095 | B35: AUTOCLAVE | C35: A | D35: Scholz | E35: 47233 | F35: D-48653 | H35: INST | I35: E | J35: 1501
A36: 11000113 | B36: PAA_ TRANSPORTER | C36: A | D36: SEW | E36: NIL | F36: NIL | H36: INST | I36: E | J36: 1501
A37: 11000131 | B37: PAA_ELECTRICAL PANEL | C37: A | D37: Square mag | E37: NIL | F37: Nil | H37: INST | I37: E | J37: 1501
... A41: 11000182 | B41: C-SCAN_OLD_QC ROOM | C41: A | D41: C-Scan( VIVACE Sonic PVT Ltd | E41: 53772 | F41: SOFG-UT | H41: INST | I41: E | J41: 1501
A42: 11000203 | B42: WATER JET CUTTING MACHINE-FLOW | C42: A | D42: FLOW | E42: 120478 | F42: MACH2B | G42: EACT | H42: INST | I42: E | J42: 2001
A43: 11000204 | B43: ROUTING MACHINE 3 AXIS #1 | C43: A | D43: THERMWOOD | E43: C533290907 | F43: C53 | G43: EACT | H43: INST | I43: E | J43: 2001
A44: 11000205 | B44: 5 AXIS CNC NIBBLE/PUNCH PRESS | C44: A | D44: TRUMPF | E44: TP0042 | F44: TRUPUNCH 5000 | G44: EACT | H44: INST | I44: E | J44: 2001
A45: 11000206 | B45: ROUTING MACHINE 5 AXIS #6 | C45: A | D45: THERMWOOD | E45: C67DT35550805 | F45: M67 55DT | G45: EACT | H45: INST | I45: E | J45: 2001
A46: 11000208 | B46: MACHINING CENTRE 3 AXIS HAAS VF6 #8 | C46: A | D46: HAAS | E46: 20873 | F46: VF6 | G46: EACT | H46: INST | I46: E | J46: 2001
A47: 11000209 | B47: MACHINING CENTRE 5 AXIS VF6TR #9 | C47: A | D47: HAAS | E47: 31447 | F47: VF6TR | G47: EACT | H47: INST | I47: E | J47: 2001
A48: 11000210 | B48: 3 AXIS MACHINE JYOTHI HURON | C48: A | D48: JYOTHI HURON | E48: 60006031-2012K | F48: EX-F-1680 | G48: EACT | H48: AVLB | I48: E | J48: 2001
A49: 11000212 | B49: MACHINING CENTRE 3 AXIS HAAS VF3B #12 | C49: A | D49: HAAS | E49: 1071679 | F49: VF3B | G49: EACT | H49: INST | I49: E | J49: 2001
A50: 11000213 | B50: MACHINING CENTRE 5 AXIS VF6TR #17 | C50: A | D50: HAAS | E50: 28498 | F50: VF6TR | G50: EACT | H50: INST | I50: E | J50: 2001
A51: 11000214 | B51: AL. HEAT TREATMENT FURNACE - GRIEVE-A | C51: A | D51: GRIEVE | E51: 101454B1010 | F51: WTC-WALK-IN | G51: EACT | H51: INST | I51: E | J51: 2001
A52: 11000215 | B52: AL. HEAT TREATMENT FURNACE - GRIEVE-B | C52: A | D52: GRIEVE | E52: 101454A1010 | F52: WTC-WALK-IN | G52: EACT | H52: INST | I52: E | J52: 2001
A53: 11000216 | B53: AL. HEAT TREATMENT FURNACE-SECO WARWICK | C53: A | D53: SECO/WARWICK | E53: 231-10A | G53: EACT | H53: INST | I53: E | J53: 2001
A54: 11000217 | B54: ANODIZE / ALODINE TANK LINE | C54: A | D54: KAMTRESS | E54: K10015 | F54: CUSTOM TO SPEC | G54: EACT | H54: INST | I54: E | J54: 2001
A55: 11000218 | B55: CHEMICAL MILLING AND ETCHING | C55: A | D55: KAMTRESS | E55: NA | F55: CUSTOM TO SPEC | G55: EACT | H55: INST | I55: E | J55: 2001
A56: 11000224 | B56: ROLLING MACHINE - DAVI | C56: A | D56: DAVI | E56: 21130001 | F56: MAV-3-HDC AER 4027/S | G56: EACT | H56: INST | I56: E | J56: 2001
A57: 11000225 | B57: TURNING CENTRE - 40 INCH-HAAS SL40 | C57: A | D57: HAAS | E57: 63180 | F57: SL40 | G57: EACT | H57: INST | I57: E | J57: 2001
A58: 11000227 | B58: HYDROFORM LARGE PRESS-AVURE | C58: A | D58: AVURE | E58: 100533 | F58: QFC 1X2X800 | G58: EACT | H58: INST | I58: E | J58: 2001
A59: 11000228 | B59: 3 AXIS MACHINE JYOTHI HURON NX3222 - A | C59: A | D59: JYOTHI HURON | E59: 60006455 | F59: NX3222 | G59: EACT | H59: INST | I59: E | J59: 2001
A60: 11000229 | B60: NC PIPE BENDING MACHINE-EATON LEONARD | C60: A | D60: EATON LEONARD | E60: 2041/860801 | F60: VB 42-ELEC | G60: EACT | H60: INST | I60: E | J60: 2001
A61: 11000249 | B61: GRUENBERG SMALL AGE OVEN | C61: A | D61: GRUENBERG | E61: 9499 | F61: T-45H960 | G61: EACT | H61: INST | I61: E | J61: 2001
A62: 11000252 | B62: MACHINING CENTRE 4 AXIS HAAS VF6 #9.1 | C62: A | D62: HAAS | E62: 1093728 | F62: HAAS VF6 | G62: EACT | H62: INST | I62: E | J62: 2001
A63: 11000254 | B63: 3 AXIS CNC MACHINING CENTER JOBS SPEEDER | C63: A | D63: JOBS ITALY | E63: 146004812880431 | F63: SPEEDER | G63: EACT | H63: INST | I63: E | J63: 2001
A64: 11000255 | B64: 5 AXIS CNC MACHINING CENTER JOBS EVER7 | C64: A | D64: JOBS ITALY | E64: 2550000812910631 | F64: EVER 7 | G64: EACT | H64: INST | I64: E | J64: 2001
A65: 11000256 | B65: 3 AXIS MACHINING CENTRE NX3222 COBHAM-B | C65: A | D65: JYOTI HURON | E65: 60012128 | F65: NX3222 | G65: EACT | H65: INST | I65: E | J65: 2001
... A78: 11000302 | B78: 5-AXIS DMG MORI DMC 160U-A | C78: A | D78: DMG MORI | E78: 12670000213 | F78: DMC 160U | G78: EACT | H78: INST | I78: E | J78: 2001
A79: 11000303 | B79: CCC LINE-KAMTRESS | C79: A | D79: KAMTRESS | E79: K17008 | G79: EACT | H79: INST | I79: E | J79: 2001
A80: 11000304 | B80: Paint Booth (LEO SUREFACE COATING) | C80: A | D80: LEO SUREFACE COATING | G80: EACT | H80: INST | I80: E | J80: 2001
A81: 11000309 | B81: DEEP FREEZER-2 (BLUE STAR) | C81: A | D81: BLUE STAR | F81: 2 | G81: EACT | H81: INST | I81: E | J81: 2001
A82: 11000310 | B82: 3 AXIS JYOTI VMC 850NVU-1 | C82: A | D82: M/S JYOTI CNC AUTOMATION LTD | E82: 60026891 | F82: VMC 850 NVU | G82: EACT | H82: INST | I82: E | J82: 2001
A83: 11000311 | B83: 3 AXIS JYOTI VMC 850NVU-2 | C83: A | D83: M/S JYOTI CNC AUTOMATION LTD | E83: 60026890 | F83: VMC 850 NVU | G83: EACT | H83: INST | I83: E | J83: 2001
A84: 11000312 | B84: 3 AXIS JYOTI VMC 850 NVU-3 | C84: A | D84: M/S JYOTI CNC AUTOMATION LTD | E84: 60027670 | F84: VMC 850 NVU | G84: EACT | H84: INST | I84: E | J84: 2001
A85: 11000313 | B85: 3 AXIS JYOTI VMC 850NVU-4 | C85: A | D85: M/S JYOTI CNC AUTOMATION LTD | E85: 60027671 | F85: VMC 850 NVU | G85: EACT | H85: INST | I85: E | J85: 2001
A86: 11000315 | B86: 4-AXIS CNC ROUTER-FLEXICAM | C86: A | D86: FLEXICAM | E86: 18066701 | F86: ULTIMATE VM1450 | G86: EACT | H86: INST | I86: E | J86: 2001
A87: 11000316 | B87: MAZAKI-500-1 Variaxis Machining Center | C87: A | D87: Mazak Machine Tools | E87: 299792 | F87: VARIAXIS I-500 | G87: EACT | H87: INST | I87: E | J87: 2001
A88: 11000317 | B88: MAZAKI-500-2 Variaxis Machining Center | C88: A | D88: Mazak Machine Tools | E88: 299793 | F88: VARIAXIS I-500 | G88: EACT | H88: INST | I88: E | J88: 2001
A89: 11000318 | B89: DOOSAN-1 PUMA V8300MR 3 Axis VTL | C89: A | D89: Doosan PVT LTD | E89: MT0051-000153 | F89: PUMA V8300MR | G89: EACT | H89: INST | I89: E | J89: 2001
A90: 11000319 | B90: DOOSAN-2 PUMA V8300MR 3 Axis VTL | C90: A | D90: Doosan PVT LTD | E90: MT0051-000154 | F90: PUMA V8300MR | G90: EACT | H90: INST | I90: E | J90: 2001
A91: 11000320 | B91: 4-AXIS VMC JYOTI 1880 | C91: A | D91: JYOTI CNC AUTOMATION LTD | E91: 60031442-2019 | F91: VMC 1880 | G91: EACT | H91: INST | I91: E | J91: 2001
A92: 11000321 | B92: MAZAK I-500-3 Variaxis Machining Center | C92: A | D92: Mazak Machine Tools | E92: 299809 | F92: VARIAXIS I-500 | G92: EACT | H92: INST | I92: E | J92: 2001
A93: 11000322 | B93: 3 AXIS MACHINE JYOTHI HURON NX3222 NVU-C | C93: A | D93: JYOTI CNC AUTOMATION LTD | E93: 60032100-2019 | F93: NX3222 NVU | G93: EACT | H93: INST | I93: E | J93: 2001
... A100: 11000339 | B100: 5-AXIS DMG DMU 85 | C100: A | D100: DMG MORI | E100: 12160012983 | F100: DMU 85 MONO BLOCK | G100: EACT | H100: INST | I100: E | J100: 2001
A101: 11000342 | B101: RADIOGRAPHY | C101: A | D101: TRIMETRICS TECHNOLOGIES | G101: EACT | H101: INST | I101: E | J101: 2001
A102: 11000349 | B102: Breton Matrix 1000 K60 | C102: A | D102: Breton S.P.A | E102: 75719 | F102: Matrix 1000 K60-6M | H102: INST | I102: E | J102: 2001
A103: 11000359 | B103: CLEAN ROOM-AES | C103: A | D103: building | E103: - | F103: - | G103: EACT | H103: INST | I103: E | J103: 2001
A104: 11000377 | B104: HMC-Heller-MCH 250 (HMC-01)(N01-01) | C104: A | D104: HELLER | E104: 49620 | F104: MCH 250 | H104: INST | I104: E | J104: 1041
A105: 11000378 | B105: HMC - H5000 1 (HMC-02) N01-01 | C105: A | D105: HELLER | E105: 51096 | F105: H 5000 | H105: INST | I105: E | J105: 1041
A106: 11000379 | B106: HMC - H5000 2 (HMC-03) N01-01 | C106: A | D106: HELLER | E106: 50937 | F106: H 5000 | H106: INST | I106: E | J106: 1041
A107: 11000380 | B107: HMC - H5000 3 (HMC 4) N01-01 | C107: A | D107: HELLER | E107: 50937 | F107: H 5000 | H107: INST | I107: E | J107: 1041
A108: 11000382 | B108: HMC - H5000 (HMC 6)(N01-01) | C108: A | D108: HELLER | E108: 56363 | F108: H 5000 | H108: INST | I108: E | J108: 1041
A109: 11000383 | B109: HMC - H5000 (HMC 7)(N01-01) | C109: A | D109: HELLER | E109: 56364 | F109: H 5000 | H109: INST | I109: E | J109: 1041
A110: 11000384 | B110: MSK-1 N01-01 | C110: A | D110: MSK | E110: 823 | F110: HU63A | H110: INST | I110: E | J110: 1041
A111: 11000385 | B111: MSK-2 N01-01 | C111: A | D111: MSK | E111: 824 | F111: HU63A | H111: INST | I111: E | J111: 1041
A112: 11000386 | B112: MSK-3 N01-01 | C112: A | D112: MSK | E112: 825 | F112: HU63A | H112: INST | I112: E | J112: 1041
A113: 11000389 | B113: Mazak- 1 N01-01 | C113: A | D113: MAZAK | E113: 25360 | F113: HCN 8800 | H113: INST | I113: E | J113: 1041
A114: 11000390 | B114: Mazak- 2 N01-01 | C114: A | D114: MAZAK | E114: 25361 | F114: HCN 8800 | H114: INST | I114: E | J114: 1041
A115: 11000396 | B115: Jobs-1 N01-01 | C115: A | D115: JOBS | E115: J1318 | F115: LINX - 30 | H115: INST | I115: E | J115: 1041
... A140: 11000528 | B140: Welding Robo,Wire Feeder & mnpt N01-02 | C140: A | D140: FRONIUS | E140: AWL/16/026 | F140: AWL/16/026 | H140: INST | I140: E | J140: 1041
A141: 11000539 | B141: Autoclave-1-Scholz-Curing | C141: A | D141: SCHOLZ | E141: 43657 | H141: INST | I141: E | J141: 1031
A142: 11000540 | B142: Oven-1-Precons-Curing | C142: A | D142: PRECONS | E142: 040V04 | H142: INST | I142: E | J142: 1031
A143: 11000543 | B143: Autoclave - 2-Scholz-Curing | C143: A | D143: SCHOLZ | E143: 44588 | F143: AE/ABP04AC02 | H143: INST | I143: E | J143: 1031
A144: 11000546 | B144: Spray Paintbooth-Precision-FACC Bonding | C144: A | D144: PRECISION | H144: INST | I144: E | J144: 1031
A145: 11000547 | B145: Oven-Paintbooth-Precision-FACC Bonding | C145: A | D145: CS AEROTHERM | E145: 35 | H145: INST | I145: E | J145: 1031
A146: 11000548 | B146: LECTRA-1-Prepreg Cutting | C146: A | D146: LECTRA | E146: 8A2527-2008 | F146: VT-TT-FP-72 | H146: INST | I146: E | J146: 1031
A147: 11000549 | B147: 5Axis-Thermwood-M67-105 | C147: A | D147: THERMWOOD | E147: M67-105 | F147: M67-105 | H147: INST | I147: E | J147: 1031
A148: 11000550 | B148: Nilfisk Dust Collector-CNC's-B-4B | C148: A | D148: NILFISK | H148: INST | I148: E | J148: 1031
...

Sheet Available Hours (DP)
A3: Months | B3: 46113 | C3: 46143 | D3: 46174 | E3: 46204 | F3: 46235 | G3: 46266 | H3: 46296 | I3: 46327 | J3: 46357 | K3: 46388 | L3: 46419 | M3: 46447
A4: Shift Hours | B4: 8 | C4: 8 | D4: 8 | E4: 8 | F4: 8 | G4: 8 | H4: 8 | I4: 8 | J4: 8 | K4: 8 | L4: 8 | M4: 8
A5: No. of Shifts | B5: 3 | C5: 3 | D5: 3 | E5: 3 | F5: 3 | G5: 3 | H5: 3 | I5: 3 | J5: 3 | K5: 3 | L5: 3 | M5: 3
A6: Lunch Break + Dinner Break + Tea Break | B6: 0 | C6: 0 | D6: 0 | E6: 0 | F6: 0 | G6: 0 | H6: 0 | I6: 0 | J6: 0 | K6: 0 | L6: 0 | M6: 0
A7: Shift Overlap | B7: 0 | C7: 0 | D7: 0 | E7: 0 | F7: 0 | G7: 0 | H7: 0 | I7: 0 | J7: 0 | K7: 0 | L7: 0 | M7: 0
A8: Total | B8: 0 | C8: 0 | D8: 0 | E8: 0 | F8: 0 | G8: 0 | H8: 0 | I8: 0 | J8: 0 | K8: 0 | L8: 0 | M8: 0
A9: Total available hours for production in a day | B9: 24 | C9: 24 | D9: 24 | E9: 24 | F9: 24 | G9: 24 | H9: 24 | I9: 24 | J9: 24 | K9: 24 | L9: 24 | M9: 24
A10: Total operating days in a month | B10: 30 | C10: 31 | D10: 30 | E10: 31 | F10: 31 | G10: 30 | H10: 31 | I10: 30 | J10: 31 | K10: 31 | L10: 28 | M10: 31
A11: Total available hours in a month | B11: 720 | C11: 744 | D11: 720 | E11: 744 | F11: 744 | G11: 720 | H11: 744 | I11: 720 | J11: 744 | K11: 744 | L11: 672 | M11: 744

Sheet Available Hours (Assy)
A3: Months | B3: 46113 | C3: 46143 | D3: 46174 | E3: 46204 | F3: 46235 | G3: 46266 | H3: 46296 | I3: 46327 | J3: 46357 | K3: 46388 | L3: 46419 | M3: 46447
A4: Shift Hours | B4: 8 | C4: 8 | D4: 8 | E4: 8 | F4: 8 | G4: 8 | H4: 8 | I4: 8 | J4: 8 | K4: 8 | L4: 8 | M4: 8
A5: No. of Shifts | B5: 2 | C5: 2 | D5: 2 | E5: 2 | F5: 2 | G5: 2 | H5: 2 | I5: 2 | J5: 2 | K5: 2 | L5: 2 | M5: 2
A6: Lunch Break + Dinner Break + Tea Break | B6: 2 | C6: 2 | D6: 2 | E6: 2 | F6: 2 | G6: 2 | H6: 2 | I6: 2 | J6: 2 | K6: 2 | L6: 2 | M6: 2
A7: Shift Overlap | B7: 0.5 | C7: 0.5 | D7: 0.5 | E7: 0.5 | F7: 0.5 | G7: 0.5 | H7: 0.5 | I7: 0.5 | J7: 0.5 | K7: 0.5 | L7: 0.5 | M7: 0.5
A8: Total | B8: 2.5 | C8: 2.5 | D8: 2.5 | E8: 2.5 | F8: 2.5 | G8: 2.5 | H8: 2.5 | I8: 2.5 | J8: 2.5 | K8: 2.5 | L8: 2.5 | M8: 2.5
A9: Total available hours for production in a day | B9: 13.5 | C9: 13.5 | D9: 13.5 | E9: 13.5 | F9: 13.5 | G9: 13.5 | H9: 13.5 | I9: 13.5 | J9: 13.5 | K9: 13.5 | L9: 13.5 | M9: 13.5
A10: Total operating days in a month | B10: 30 | C10: 31 | D10: 30 | E10: 31 | F10: 31 | G10: 30 | H10: 31 | I10: 30 | J10: 31 | K10: 31 | L10: 28 | M10: 31
A11: Total available hours in a month | B11: 405 | C11: 418.5 | D11: 405 | E11: 418.5 | F11: 418.5 | G11: 405 | H11: 418.5 | I11: 405 | J11: 418.5 | K11: 418.5 | L11: 378 | M11: 418.5

Sheet PM Orders
A1: Order | B1: Equipment | C1: Equipment Category | D1: Description of technical object | E1: PlPl | F1: Maint. item text | G1: PlS | H1: Strat. | I1: Start date | J1: Plnd. date | K1: Completion | L1: Cost Ctr | M1: ABC Ind. | N1: Type | O1: Material | P1: Call No. | Q1: CoCd | R1: Location | S1: Plnt | T1: Work Ctr
A2: 330000051470 | B2: 11000093 | C2: =VLOOKUP(B2,Equipment!A$1:J$470,9,0) -> E | D2: HOT OVEN-1 | E2: 1501 | F2: Monthly PM | G2: QTY | I2: 01.08.2026 | J2: 01.08.2026 | K2: 01.08.2026 | L2: L201010043 | M2: A | N2: PM03 | P2: 38 | Q2: 1500 | R2: QC LAB | S2: 1501 | T2: TLMALPEM
A3: 330000051471 | B3: 11000094 | C3: =VLOOKUP(B3,Equipment!A$1:J$470,9,0) -> E | D3: SALT SPRAY APPARATUS | E3: 1501 | F3: Monthly PM | G3: QTY | I3: 01.08.2026 | J3: 01.08.2026 | K3: 01.08.2026 | L3: L201010043 | M3: A | N3: PM03 | P3: 37 | Q3: 1500 | R3: QC LAB | S3: 1501 | T3: TLMALPEM
A4: 330000051061 | B4: 11000229 | C4: =VLOOKUP(B4,Equipment!A$1:J$470,9,0) -> E | D4: NC PIPE BENDING MACHINE-EATON LEONARD | E4: 2001 | F4: QUARTERLY PREVENTIVE MAINTENANCE | G4: TSD | H4: MONTH | I4: 01.08.2026 | J4: 01.08.2026 | K4: 01.08.2026 | L4: S302011604 | M4: A | N4: PM03 | P4: 16 | Q4: 2000 | R4: TUBE BEND | S4: 2001 | T4: TS-03-01
A5: 330000051474 | B5: 11000229 | C5: =VLOOKUP(B5,Equipment!A$1:J$470,9,0) -> E | D5: NC PIPE BENDING MACHINE-EATON LEONARD | E5: 2001 | F5: MONTHLY PREVENTIVE MAINTENANCE | G5: TSD | H5: MONTH | I5: 01.08.2026 | J5: 01.08.2026 | K5: 01.08.2026 | L5: S302011604 | M5: A | N5: PM03 | P5: 47 | Q5: 2000 | R5: TUBE BEND | S5: 2001 | T5: TS-03-01
A6: 330000051476 | B6: 11000255 | C6: =VLOOKUP(B6,Equipment!A$1:J$470,9,0) -> E | D6: 5 AXIS CNC MACHINING CENTER JOBS EVER7 | E6: 2001 | F6: MONTHLY PREVENTIVE MAINTENANCE | G6: MSD | H6: MONTH | I6: 01.08.2026 | J6: 01.08.2026 | K6: 01.08.2026 | L6: S304011811 | M6: A | N6: PM03 | P6: 48 | Q6: 2000 | R6: M/C LINE-1 | S6: 2001 | T6: MS-03-03
A7: 330000051064 | B7: 11000255 | C7: =VLOOKUP(B7,Equipment!A$1:J$470,9,0) -> E | D7: 5 AXIS CNC MACHINING CENTER JOBS EVER7 | E7: 2001 | F7: QUARTERLY PREVENTIVE MAINTENANCE | G7: MSD | H7: MONTH | I7: 01.08.2026 | J7: 01.08.2026 | K7: 01.08.2026 | L7: S304011811 | M7: A | N7: PM03 | P7: 18 | Q7: 2000 | R7: M/C LINE-1 | S7: 2001 | T7: MS-03-03
A8: 330000051479 | B8: 11000315 | C8: =VLOOKUP(B8,Equipment!A$1:J$470,9,0) -> E | D8: 4-AXIS CNC ROUTER-FLEXICAM | E8: 2001 | F8: MONTHLY PREVENTIVE MAINTENANCE | G8: SMD | H8: MONTH | I8: 01.08.2026 | J8: 01.08.2026 | K8: 01.08.2026 | L8: S204010026 | M8: A | N8: PM03 | P8: 47 | Q8: 2000 | R8: ROUTNGLINE | S8: 2001 | T8: SM-01-05
A9: 330000050379 | B9: 11000315 | C9: =VLOOKUP(B9,Equipment!A$1:J$470,9,0) -> E | D9: 4-AXIS CNC ROUTER-FLEXICAM | E9: 2001 | F9: HALF YEARLY PREVENTIVE MAINTENANCE | G9: SMD | H9: MONTH | I9: 01.08.2026 | J9: 01.08.2026 | K9: 01.08.2026 | L9: S204010026 | M9: A | N9: PM03 | P9: 8 | Q9: 2000 | R9: ROUTNGLINE | S9: 2001 | T9: SM-01-05
A10: 330000049044 | B10: 11000315 | C10: =VLOOKUP(B10,Equipment!A$1:J$470,9,0) -> E | D10: 4-AXIS CNC ROUTER-FLEXICAM | E10: 2001 | F10: YEARLY PREVENTIVE MAINTENANCE | G10: SMD | H10: MONTH | I10: 01.08.2026 | J10: 01.08.2026 | K10: 01.08.2026 | L10: S204010026 | M10: A | N10: PM03 | P10: 4 | Q10: 2000 | R10: ROUTNGLINE | S10: 2001 | T10: SM-01-05
A11: 330000051380 | B11: 11000325 | C11: =VLOOKUP(B11,Equipment!A$1:J$470,9,0) -> E | D11: 5-AXIS HAAS UMC 750 -A | E11: 2001 | F11: QUARTERLY PREVENTIVE MAINTENANCE | G11: MSD | H11: MONTH | I11: 01.08.2026 | J11: 01.08.2026 | K11: 01.08.2026 | L11: S304011831 | M11: A | N11: PM03 | P11: 16 | Q11: 2000 | R11: M/C LINE-5 | S11: 2001 | T11: MS-03-11
A12: 330000051066 | B12: 11000325 | C12: =VLOOKUP(B12,Equipment!A$1:J$470,9,0) -> E | D12: 5-AXIS HAAS UMC 750 -A | E12: 2001 | F12: HALF YEARLY PREVENTIVE MAINTENANCE | G12: MSD | H12: MONTH | I12: 01.08.2026 | J12: 01.08.2026 | K12: 01.08.2026 | L12: S304011831 | M12: A | N12: PM03 | P12: 8 | Q12: 2000 | R12: M/C LINE-5 | S12: 2001 | T12: MS-03-11
A13: 330000051067 | B13: 11000326 | C13: =VLOOKUP(B13,Equipment!A$1:J$470,9,0) -> E | D13: TURN MILL AX-200 (JYOTI ) | E13: 2001 | F13: HALF YEARLY PREVENTIVE MAINTENANCE | G13: MSD | H13: MONTH | I13: 01.08.2026 | J13: 01.08.2026 | K13: 01.08.2026 | L13: S304011832 | M13: A | N13: PM03 | P13: 8 | Q13: 2000 | R13: M/C LINE-3 | S13: 2001 | T13: MS-03-12
A14: 330000050380 | B14: 11000326 | C14: =VLOOKUP(B14,Equipment!A$1:J$470,9,0) -> E | D14: TURN MILL AX-200 (JYOTI ) | E14: 2001 | F14: YEARLY PREVENTIVE MAINTENANCE | G14: MSD | H14: MONTH | I14: 01.08.2026 | J14: 01.08.2026 | K14: 01.08.2026 | L14: S304011832 | M14: A | N14: PM03 | P14: 4 | Q14: 2000 | R14: M/C LINE-3 | S14: 2001 | T14: MS-03-12
A15: 330000051381 | B15: 11000326 | C15: =VLOOKUP(B15,Equipment!A$1:J$470,9,0) -> E | D15: TURN MILL AX-200 (JYOTI ) | E15: 2001 | F15: QUARTERLY PREVENTIVE MAINTENANCE | G15: MSD | H15: MONTH | I15: 01.08.2026 | J15: 01.08.2026 | K15: 01.08.2026 | L15: S304011832 | M15: A | N15: PM03 | P15: 16 | Q15: 2000 | R15: M/C LINE-3 | S15: 2001 | T15: MS-03-12
... A18: 330000051461 | B18: 11000493 | C18: =VLOOKUP(B18,Equipment!A$1:J$470,9,0) -> E | D18: Makino A500Z-1 N01-02 | E18: 1041 | F18: Monthly Prev. Maint. For Makino1 | G18: MCS | H18: MONTH | I18: 01.08.2026 | J18: 01.08.2026 | K18: 02.08.2026 | L18: A304110215 | M18: A | N18: PM03 | P18: 47 | Q18: 1000 | R18: M/C SHOP 2 | S18: 1041 | T18: 1119
A19: 330000051040 | B19: 11000548 | C19: =VLOOKUP(B19,Equipment!A$1:J$470,9,0) -> E | D19: LECTRA-1-Prepreg Cutting | E19: 1031 | F19: QUARTERLY PREV MAINT FOR 103120000020 | G19: CWC | H19: MONTH | I19: 01.08.2026 | J19: 01.08.2026 | L19: A303081723 | M19: A | N19: PM03 | P19: 16 | Q19: 1000 | R19: CNC | S19: 1031 | T19: LECTRA 1
A20: 330000051404 | B20: 11001307 | C20: =VLOOKUP(B20,Equipment!A$1:J$470,9,0) -> E | D20: PUMA V8300-7 | E20: 1002 | F20: Preventive Maintenance plan | G20: MSH | H20: MONTH | I20: 01.08.2026 | J20: 01.08.2026 | K20: 01.08.2026 | M20: A | N20: PM03 | P20: 1 | Q20: 1000 | R20: BAY1 | S20: 1002
A21: 330000051436 | B21: 11001390 | C21: =VLOOKUP(B21,Equipment!A$1:J$470,9,0) -> E | D21: DOOSAN - Puma SMX5100XL | E21: 1002 | F21: DOOSAN-01-Bay3-Preventive Maint-11001390 | G21: MNT | H21: MONTH | I21: 01.08.2026 | J21: 01.08.2026 | K21: 01.08.2026 | L21: A102023200 | M21: A | N21: PM03 | P21: 4 | Q21: 1000 | R21: SAF-MACH | S21: 1002 | T21: TCOE_PEM
A22: 330000051481 | B22: 21000085 | C22: =VLOOKUP(B22,Equipment!A$1:J$470,9,0) -> U | D22: HVAC-1 | E22: 2501 | F22: MONTHLY PM CHECK FOR HVAC-1 | G22: ASS | H22: MONTH | I22: 01.08.2026 | J22: 01.08.2026 | K22: 01.08.2026 | L22: B401010004 | M22: A | N22: PM03 | P22: 48 | Q22: 2500 | R22: SHOP FLR-1 | S22: 2501 | T22: FIN1-1
A23: 330000051482 | B23: 21000102 | C23: =VLOOKUP(B23,Equipment!A$1:J$470,9,0) -> U | D23: HVAC-5 | E23: 2501 | F23: MONTHLY PM CHECK FOR HVAC-5 | G23: ASS | H23: MONTH | I23: 01.08.2026 | J23: 01.08.2026 | K23: 01.08.2026 | L23: B401010004 | M23: A | N23: PM03 | P23: 47 | Q23: 2500 | R23: SHOP FLR-2 | S23: 2501 | T23: VFPOS5
A24: 330000048997 | B24: 21000185 | C24: =VLOOKUP(B24,Equipment!A$1:J$470,9,0) -> #N/A | D24: AIR COMPRESSOR - 5 | E24: 1501 | F24: YEARLY PREV MAINT | G24: OUL | H24: MONTH | I24: 01.08.2026 | J24: 01.08.2026 | K24: 01.08.2026 | L24: L201010043 | M24: A | N24: PM03 | P24: 4 | Q24: 1500 | R24: UTILIBUILD | S24: 1501 | T24: TLMALPEM
B25: 21000767 | C25: =VLOOKUP(B25,Equipment!A$1:J$470,9,0) -> #N/A | D25: DG Set-3-500 KVA-CUMMINS | E25: 1031 | F25: AMC For DG 03 500KVA | G25: UTL | I25: 01.08.2026 | J25: 01.08.2026 | L25: A303081701 | M25: A | N25: PM03 | P25: 9 | Q25: 1000 | R25: SWITCHGEAR | S25: 1031 | T25: TASL_PEM
B26: 21000769 | C26: =VLOOKUP(B26,Equipment!A$1:J$470,9,0) -> #N/A | D26: DG Set-5-1500 KVA-CUMMINS | E26: 1031 | F26: AMC For DG 05 1500 KVA | G26: UTL | I26: 01.08.2026 | J26: 01.08.2026 | L26: A303081701 | M26: A | N26: PM03 | P26: 9 | Q26: 1000 | R26: SWITCHGEAR | S26: 1031 | T26: TASL_PEM
B27: 21000770 | C27: =VLOOKUP(B27,Equipment!A$1:J$470,9,0) -> #N/A | D27: DG Set-6-1500 KVA-CUMMINS | E27: 1031 | F27: AMC For DG 06 1500 KVA | G27: UTL | I27: 01.08.2026 | J27: 01.08.2026 | L27: A303081701 | M27: A | N27: PM03 | P27: 9 | Q27: 1000 | R27: SWITCHGEAR | S27: 1031 | T27: TASL_PEM
B28: 21000911 | C28: =VLOOKUP(B28,Equipment!A$1:J$470,9,0) -> #N/A | D28: DG Set-7;1010 KVA;CUMMINS | E28: 1031 | F28: AMC For DG 07 1010 KVA | G28: UTL | I28: 01.08.2026 | J28: 01.08.2026 | L28: A303081707 | M28: A | N28: PM03 | P28: 9 | Q28: 1000 | R28: DG | S28: 1031 | T28: TASL_PEM
A29: 330000051384 | B29: 11000005 | C29: =VLOOKUP(B29,Equipment!A$1:J$470,9,0) -> E | D29: PAINT BOOTH-1 | E29: 1001 | F29: MONTHLY PREVENTIVE MAINTENANCE | G29: PL1 | H29: MONTH | I29: 02.08.2026 | J29: 02.08.2026 | K29: 02.08.2026 | L29: A201010143 | M29: A | N29: PM03 | P29: 47 | Q29: 1000 | R29: PAINTING | S29: 1001 | T29: TASLMANT
A30: 330000051646 | B30: 11000325 | C30: =VLOOKUP(B30,Equipment!A$1:J$470,9,0) -> E | D30: 5-AXIS HAAS UMC 750 -A | E30: 2001 | F30: MONTHLY PREVENTIVE MAINTENANCE | G30: MSD | H30: MONTH | I30: 02.08.2026 | J30: 02.08.2026 | K30: 02.08.2026 | L30: S304011831 | M30: A | N30: PM03 | P30: 51 | Q30: 2000 | R30: M/C LINE-5 | S30: 2001 | T30: MS-03-11
A31: 330000051647 | B31: 11000333 | C31: =VLOOKUP(B31,Equipment!A$1:J$470,9,0) -> E | D31: 5-AXIS DMG MORI DMC 160U-B | E31: 2001 | F31: MONTHLY PREVENTIVE MAINTENANCE | G31: MSD | H31: MONTH | I31: 02.08.2026 | J31: 02.08.2026 | K31: 02.08.2026 | L31: S304011834 | M31: A | N31: PM03 | P31: 47 | Q31: 2000 | R31: M/C LINE-2 | S31: 2001 | T31: MS-03-13
A32: 330000051489 | B32: 11000439 | C32: =VLOOKUP(B32,Equipment!A$1:J$470,9,0) -> E | D32: HMC-Heller-HF3500 (HMC 8) N01-01 | E32: 1041 | F32: Monthly Prev. Maint. for Heller-HF3500 | G32: MCS | H32: MONTH | I32: 02.08.2026 | J32: 02.08.2026 | K32: 03.08.2026 | L32: A304111201 | M32: A | N32: PM03 | P32: 47 | Q32: 1000 | R32: M/C SHOP-1 | S32: 1041 | T32: MTP013
A33: 330000051649 | B33: 11001386 | C33: =VLOOKUP(B33,Equipment!A$1:J$470,9,0) -> E | D33: HAAS UMC 750-B | E33: 2001 | F33: MONTHLY PREVENTIVE MAINTENANCE | G33: MSD | I33: 02.08.2026 | J33: 02.08.2026 | K33: 02.08.2026 | L33: S304011852 | M33: A | N33: PM03 | P33: 7 | Q33: 2000 | R33: MSD | S33: 2001 | T33: MS-03-18
A34: 330000051513 | B34: 21000184 | C34: =VLOOKUP(B34,Equipment!A$1:J$470,9,0) -> #N/A | D34: AIR COMPRESSOR -6_CAPACITY - 275 CFM | E34: 1501 | F34: MONTHLY PREV MAINT | G34: OUL | H34: MONTH | I34: 02.08.2026 | J34: 02.08.2026 | K34: 02.08.2026 | L34: L201010043 | M34: A | N34: PM03 | P34: 48 | Q34: 1500 | R34: UTILIBUILD | S34: 1501 | T34: TLMALPEM
A35: 330000051484 | B35: 21000975 | C35: =VLOOKUP(B35,Equipment!A$1:J$470,9,0) -> #N/A | D35: EOT CRANE - 2 | E35: 1004 | F35: MONTHLY_PM_EOT CRANE - 2 | G35: MNT | H35: MONTH | I35: 10.08.2026 | J35: 02.08.2026 | K35: 03.08.2026 | L35: A201271843 | M35: A | N35: PM03 | P35: 28 | Q35: 1000 | R35: BY2 | S35: 1004 | T35: H07PEM
A36: 330000051287 | B36: 11000015 | C36: =VLOOKUP(B36,Equipment!A$1:J$470,9,0) -> E | D36: 5T EOT CRANE-3 | E36: 1001 | F36: MONTHLY PREVENTIVE MAINTENANCE | G36: PL3 | H36: MONTH | I36: 03.08.2026 | J36: 03.08.2026 | K36: 03.08.2026 | L36: A201010743 | M36: A | N36: PM03 | P36: 47 | Q36: 1000 | R36: ASSY | S36: 1001 | T36: TASLMANT
A37: 330000051677 | B37: 11000326 | C37: =VLOOKUP(B37,Equipment!A$1:J$470,9,0) -> E | D37: TURN MILL AX-200 (JYOTI ) | E37: 2001 | F37: MONTHLY PREVENTIVE MAINTENANCE | G37: MSD | H37: MONTH | I37: 03.08.2026 | J37: 03.08.2026 | K37: 03.08.2026 | L37: S304011832 | M37: A | N37: PM03 | P37: 47 | Q37: 2000 | R37: M/C LINE-3 | S37: 2001 | T37: MS-03-12
A38: 330000051379 | B38: 11000380 | C38: =VLOOKUP(B38,Equipment!A$1:J$470,9,0) -> E | D38: HMC - H5000 3 (HMC 4) N01-01 | E38: 1041 | F38: Monthly Prev. Maint. for HMC - H5000 3 | G38: MCS | H38: MONTH | I38: 03.08.2026 | J38: 03.08.2026 | K38: 05.08.2026 | L38: A303110107 | M38: A | N38: PM03 | P38: 55 | Q38: 1000 | R38: M/C SHOP-1 | S38: 1041 | T38: 1202
A39: 330000051241 | B39: 11000814 | C39: =VLOOKUP(B39,Equipment!A$1:J$470,9,0) -> E | D39: Mazak- Variaxis C 600-4 | E39: 1002 | F39: PREV MAINT PLAN 11000814 | G39: MSD | H39: MONTH | I39: 03.08.2026 | J39: 03.08.2026 | K39: 03.08.2026 | L39: A302021141 | M39: A | N39: PM03 | P39: 18 | Q39: 1000 | R39: BAY 2 | S39: 1002 | T39: MZK-C600
A40: 330000051243 | B40: 11000823 | C40: =VLOOKUP(B40,Equipment!A$1:J$470,9,0) -> E | D40: Mazak Integrex i-630V-08 | E40: 1002 | F40: Bi Monthly Prev maintenance plan | G40: MSD | H40: MONTH | I40: 03.08.2026 | J40: 03.08.2026 | K40: 03.08.2026 | L40: A302021141 | M40: A | N40: PM03 | P40: 14 | Q40: 1000 | R40: BAY-1 | S40: 1002 | T40: MZK-01
A41: 330000051242 | B41: 11000845 | C41: =VLOOKUP(B41,Equipment!A$1:J$470,9,0) -> E | D41: PUMA V8300-6 | E41: 1002 | F41: Bi Monthly Prev maintenance plan | G41: MSD | H41: MONTH | I41: 03.08.2026 | J41: 03.08.2026 | K41: 03.08.2026 | L41: A302021141 | M41: A | N41: PM03 | P41: 14 | Q41: 1000 | R41: BAY-1 | S41: 1002 | T41: MZK-01
A42: 330000048406 | B42: 11001284 | C42: =VLOOKUP(B42,Equipment!A$1:J$470,9,0) -> E | D42: PAINT BOOTH-3_ROBOTIC_B737 FC | E42: 1001 | F42: AMC FOR ROBO BOOTH | G42: PL1 | H42: MONTH | I42: 03.08.2026 | J42: 03.08.2026 | K42: 03.08.2026 | L42: A101010600 | M42: A | N42: PM03 | P42: 1 | Q42: 1000 | R42: FC-PAINT | S42: 1001 | T42: FC-PAINT
A43: 330000051553 | B43: 21000082 | C43: =VLOOKUP(B43,Equipment!A$1:J$470,9,0) -> U | D43: AIR COMPRESSOR-1 | E43: 2501 | F43: MONTHLY PM CHECK FOR AIR COMPRESSOR-1 | G43: UTL | H43: MONTH | I43: 03.08.2026 | J43: 03.08.2026 | K43: 04.08.2026 | L43: B401010004 | M43: A | N43: PM03 | P43: 50 | Q43: 2500 | R43: COMP RM | S43: 2501 | T43: TBAL_PEM
A44: 330000051543 | B44: 21000185 | C44: =VLOOKUP(B44,Equipment!A$1:J$470,9,0) -> #N/A | D44: AIR COMPRESSOR - 5 | E44: 1501 | F44: MONTHLY PREV MAINT | G44: OUL | H44: MONTH | I44: 03.08.2026 | J44: 03.08.2026 | K44: 03.08.2026 | L44: L201010043 | M44: A | N44: PM03 | P44: 49 | Q44: 1500 | R44: UTILIBUILD | S44: 1501 | T44: TLMALPEM
A45: 330000051521 | B45: 21000976 | C45: =VLOOKUP(B45,Equipment!A$1:J$470,9,0) -> #N/A | D45: EOT CRANE - 3 | E45: 1004 | F45: MONTHLY_PM_EOT CRANE - 3 | G45: MNT | H45: MONTH | I45: 03.08.2026 | J45: 03.08.2026 | K45: 03.08.2026 | L45: A201271843 | M45: A | N45: PM03 | P45: 28 | Q45: 1000 | R45: BY3 | S45: 1004 | T45: H07PEM
... A50: 330000051584 | B50: 11000486 | C50: =VLOOKUP(B50,Equipment!A$1:J$470,9,0) -> E | D50: Jyoti VMC-02 N01-02 | E50: 1041 | F50: Monthly Prev. Maint. For Jyoti-2 | G50: MCS | H50: MONTH | I50: 04.08.2026 | J50: 04.08.2026 | K50: 05.08.2026 | L50: A304110202 | M50: A | N50: PM03 | P50: 52 | Q50: 1000 | R50: M/C SHOP 2 | S50: 1041 | T50: 1103
A51: 330000051559 | B51: 11000550 | C51: =VLOOKUP(B51,Equipment!A$1:J$470,9,0) -> E | D51: Nilfisk Dust Collector-CNC's-B-4B | E51: 1031 | F51: MONTHLY PREV MAINT FOR 103120000024 | G51: CWC | H51: MONTH | I51: 04.08.2026 | J51: 04.08.2026 | L51: A303081725 | M51: A | N51: PM03 | P51: 46 | Q51: 1000 | R51: CNC | S51: 1031 | T51: TASL_PEM
A52: 330000050707 | B52: 11000583 | C52: =VLOOKUP(B52,Equipment!A$1:J$470,9,0) -> E | D52: Lectra-2-Ply Cutting CNC | E52: 1031 | F52: QUARTERLY PREV MAINT FOR 103120000140 | G52: CWC | H52: MONTH | I52: 04.08.2026 | J52: 04.08.2026 | L52: A303081739 | M52: A | N52: PM03 | P52: 16 | Q52: 1000 | R52: CNC | S52: 1031 | T52: LECTRA 2
B53: 11000903 | C53: =VLOOKUP(B53,Equipment!A$1:J$470,9,0) -> E | D53: PCB Lacquering booth | E53: 1201 | F53: Maintenance | G53: MNT | I53: 04.08.2026 | J53: 04.08.2026 | L53: A205290043 | M53: A | N53: PM03 | P53: 7 | Q53: 1000 | R53: SED-E-CITY | S53: 1201
A54: 330000051614 | B54: 21000084 | C54: =VLOOKUP(B54,Equipment!A$1:J$470,9,0) -> U | D54: AIR DRYER-1 | E54: 2501 | F54: MONTHLY PM CHECK FOR AIR DRYER-1 | G54: UTL | H54: MONTH | I54: 04.08.2026 | J54: 04.08.2026 | K54: 04.08.2026 | L54: B401010004 | M54: A | N54: PM03 | P54: 52 | Q54: 2500 | R54: COMP RM | S54: 2501 | T54: TBAL_PEM
A55: 330000051318 | B55: 21000988 | C55: =VLOOKUP(B55,Equipment!A$1:J$470,9,0) -> #N/A | D55: BAY - 1 HVAC - 1 | E55: 1004 | F55: MONTHLY_PM_BAY-1_HVAC - 1 | G55: BY1 | H55: MONTH | I55: 04.08.2026 | J55: 04.08.2026 | K55: 04.08.2026 | L55: A201271843 | M55: A | N55: PM03 | P55: 28 | Q55: 1000 | R55: BY1 | S55: 1004 | T55: H07PEM
A56: 330000051319 | B56: 21000989 | C56: =VLOOKUP(B56,Equipment!A$1:J$470,9,0) -> #N/A | D56: BAY - 1 HVAC - 2 | E56: 1004 | F56: MONTHLY_PM_BAY-1_HVAC - 2 | G56: BY1 | H56: MONTH | I56: 04.08.2026 | J56: 04.08.2026 | K56: 04.08.2026 | L56: A201271843 | M56: A | N56: PM03 | P56: 28 | Q56: 1000 | R56: BY1 | S56: 1004 | T56: H07PEM
A57: 330000051560 | B57: 21000990 | C57: =VLOOKUP(B57,Equipment!A$1:J$470,9,0) -> #N/A | D57: BAY - 1 HVAC - 3 | E57: 1004 | F57: MONTHLY_PM_BAY-1_HVAC - 3 | G57: BY1 | H57: MONTH | I57: 04.08.2026 | J57: 04.08.2026 | K57: 04.08.2026 | L57: A201271843 | M57: A | N57: PM03 | P57: 28 | Q57: 1000 | R57: BY1 | S57: 1004 | T57: H07PEM
A58: 330000051561 | B58: 21000991 | C58: =VLOOKUP(B58,Equipment!A$1:J$470,9,0) -> #N/A | D58: BAY - 1 HVAC - 4 | E58: 1004 | F58: MONTHLY_PM_BAY-1_HVAC - 4 | G58: BY1 | H58: MONTH | I58: 04.08.2026 | J58: 04.08.2026 | K58: 04.08.2026 | L58: A201271843 | M58: A | N58: PM03 | P58: 28 | Q58: 1000 | R58: BY1 | S58: 1004 | T58: H07PEM
A59: 330000051528 | B59: 11000053 | C59: =VLOOKUP(B59,Equipment!A$1:J$470,9,0) -> E | D59: 3T EOT CRANE -1 | E59: 2501 | F59: MONTHLY PM CHECK FOR EOT CRANE-1 | G59: ASS | H59: MONTH | I59: 05.08.2026 | J59: 05.08.2026 | K59: 06.08.2026 | L59: B401010004 | M59: A | N59: PM03 | P59: 50 | Q59: 2500 | R59: SHOP FLR-1 | S59: 2501 | T59: SP1-1
A60: 330000050583 | B60: 11000203 | C60: =VLOOKUP(B60,Equipment!A$1:J$470,9,0) -> E | D60: WATER JET CUTTING MACHINE-FLOW | E60: 2001 | F60: HALF YEARLY PREVENTIVE MAINTENANCE | G60: STR | H60: MONTH | I60: 05.08.2026 | J60: 05.08.2026 | K60: 05.08.2026 | L60: S302011519 | M60: A | N60: PM03 | P60: 8 | Q60: 2000 | R60: RM STORE | S60: 2001 | T60: RS-01
A61: 330000051181 | B61: 11000203 | C61: =VLOOKUP(B61,Equipment!A$1:J$470,9,0) -> E | D61: WATER JET CUTTING MACHINE-FLOW | E61: 2001 | F61: QUARTERLY PREVENTIVE MAINTENANCE | G61: STR | H61: MONTH | I61: 05.08.2026 | J61: 05.08.2026 | K61: 05.08.2026 | L61: S302011519 | M61: A | N61: PM03 | P61: 16 | Q61: 2000 | R61: RM STORE | S61: 2001 | T61: RS-01
A62: 330000051643 | B62: 11000203 | C62: =VLOOKUP(B62,Equipment!A$1:J$470,9,0) -> E | D62: WATER JET CUTTING MACHINE-FLOW | E62: 2001 | F62: MONTHLY PREVENTIVE MAINTENANCE | G62: STR | H62: MONTH | I62: 05.08.2026 | J62: 05.08.2026 | K62: 05.08.2026 | L62: S302011519 | M62: A | N62: PM03 | P62: 47 | Q62: 2000 | R62: RM STORE | S62: 2001 | T62: RS-01
A63: 330000051182 | B63: 11000205 | C63: =VLOOKUP(B63,Equipment!A$1:J$470,9,0) -> E | D63: 5 AXIS CNC NIBBLE/PUNCH PRESS | E63: 2001 | F63: QUARTERLY PREVENTIVE MAINTENANCE | G63: SMD | H63: MONTH | I63: 05.08.2026 | J63: 05.08.2026 | K63: 05.08.2026 | L63: S304011904 | M63: A | N63: PM03 | P63: 16 | Q63: 2000 | R63: PRESS | S63: 2001 | T63: SM-02-01
A64: 330000051644 | B64: 11000205 | C64: =VLOOKUP(B64,Equipment!A$1:J$470,9,0) -> E | D64: 5 AXIS CNC NIBBLE/PUNCH PRESS | E64: 2001 | F64: MONTHLY PREVENTIVE MAINTENANCE | G64: SMD | H64: MONTH | I64: 05.08.2026 | J64: 05.08.2026 | K64: 05.08.2026 | L64: S304011904 | M64: A | N64: PM03 | P64: 48 | Q64: 2000 | R64: PRESS | S64: 2001 | T64: SM-02-01
A65: 330000051624 | B65: 11000379 | C65: =VLOOKUP(B65,Equipment!A$1:J$470,9,0) -> E | D65: HMC - H5000 2 (HMC-03) N01-01 | E65: 1041 | F65: Monthly Prev. Maint. for HMC - H5000 2 | G65: MCS | H65: MONTH | I65: 05.08.2026 | J65: 05.08.2026 | K65: 07.08.2026 | L65: A303110107 | M65: A | N65: PM03 | P65: 52 | Q65: 1000 | R65: M/C SHOP-1 | S65: 1041 | T65: 1202
A66: 330000051147 | B66: 11000580 | C66: =VLOOKUP(B66,Equipment!A$1:J$470,9,0) -> E | D66: Perforation Machine 6Spindle-Schmoll | E66: 1031 | F66: QUARTERLY PREV MAINT FOR 103120000137 | G66: CWC | H66: MONTH | I66: 05.08.2026 | J66: 05.08.2026 | L66: A303081724 | M66: A | N66: PM03 | P66: 16 | Q66: 1000 | R66: CNC | S66: 1031 | T66: SCHMOLL
A67: 330000051621 | B67: 11000706 | C67: =VLOOKUP(B67,Equipment!A$1:J$470,9,0) -> E | D67: Vaccum furnace (Ipsen) | E67: 1002 | F67: Monthly Prev Maint plan 11000706 | G67: SPD | H67: MONTH | I67: 05.08.2026 | J67: 05.08.2026 | K67: 05.08.2026 | L67: A302021154 | M67: A | N67: PM03 | P67: 23 | Q67: 1000 | R67: BAY-2 | S67: 1002 | T67: SP-HT-01
A68: 330000051337 | B68: 11000726 | C68: =VLOOKUP(B68,Equipment!A$1:J$470,9,0) -> E | D68: Mazak Integrex i630 V/6S-7 | E68: 1002 | F68: QUATERLY PREV MAINT PLAN 11000726 | G68: MSD | H68: MONTH | I68: 05.08.2026 | J68: 05.08.2026 | K68: 05.08.2026 | L68: A302021141 | M68: A | N68: PM03 | P68: 17 | Q68: 1000 | R68: BAY 2 | S68: 1002 | T68: MZK-01
A69: 330000051338 | B69: 11000726 | C69: =VLOOKUP(B69,Equipment!A$1:J$470,9,0) -> E | D69: Mazak Integrex i630 V/6S-7 | E69: 1002 | F69: Monthly Prev Maint Plan 11000726 | G69: MSD | H69: MONTH | I69: 05.08.2026 | J69: 05.08.2026 | K69: 05.08.2026 | L69: A302021141 | M69: A | N69: PM03 | P69: 19 | Q69: 1000 | R69: BAY 2 | S69: 1002 | T69: MZK-01
A70: 330000050562 | B70: 11000726 | C70: =VLOOKUP(B70,Equipment!A$1:J$470,9,0) -> E | D70: Mazak Integrex i630 V/6S-7 | E70: 1002 | F70: Halfyearly Prev Maint plan 11000726 | G70: MSD | H70: MONTH | I70: 05.08.2026 | J70: 05.08.2026 | K70: 05.08.2026 | L70: A302021141 | M70: A | N70: PM03 | P70: 6 | Q70: 1000 | R70: BAY 2 | S70: 1002 | T70: MZK-01
A71: 330000049109 | B71: 11000726 | C71: =VLOOKUP(B71,Equipment!A$1:J$470,9,0) -> E | D71: Mazak Integrex i630 V/6S-7 | E71: 1002 | F71: Yearly Prev Maint plan 11000726 | G71: MSD | H71: MONTH | I71: 05.08.2026 | J71: 05.08.2026 | K71: 05.08.2026 | L71: A302021141 | M71: A | N71: PM03 | P71: 3 | Q71: 1000 | R71: BAY 2 | S71: 1002 | T71: MZK-01
A72: 330000051023 | B72: 11000808 | C72: =VLOOKUP(B72,Equipment!A$1:J$470,9,0) -> E | D72: Haas UMC 1250 | E72: 2001 | F72: QUARTERLY PREVENTIVE MAINTENANCE | G72: MSD | I72: 05.08.2026 | J72: 05.08.2026 | K72: 05.08.2026 | L72: S302011849 | M72: A | N72: PM03 | P72: 11 | Q72: 2000 | R72: MSD | S72: 2001 | T72: MS-03-17
A73: 330000050588 | B73: 11000808 | C73: =VLOOKUP(B73,Equipment!A$1:J$470,9,0) -> E | D73: Haas UMC 1250 | E73: 2001 | F73: HALF YEARLY PREVENTIVE MAINTENANCE | G73: MSD | I73: 05.08.2026 | J73: 05.08.2026 | K73: 05.08.2026 | L73: S302011849 | M73: A | N73: PM03 | P73: 5 | Q73: 2000 | R73: MSD | S73: 2001 | T73: MS-03-17
A74: 330000051284 | B74: 11000808 | C74: =VLOOKUP(B74,Equipment!A$1:J$470,9,0) -> E | D74: Haas UMC 1250 | E74: 2001 | F74: MONTHLY PREVENTIVE MAINTENANCE | G74: MSD | I74: 05.08.2026 | J74: 05.08.2026 | K74: 05.08.2026 | L74: S302011849 | M74: A | N74: PM03 | P74: 35 | Q74: 2000 | R74: MSD | S74: 2001 | T74: MS-03-17
B75: 11000936 | C75: =VLOOKUP(B75,Equipment!A$1:J$470,9,0) -> E | D75: 3 KVA UPS-3 | E75: 1201 | F75: Maintenance | G75: MNT | I75: 05.08.2026 | J75: 05.08.2026 | L75: A205290043 | M75: A | N75: PM03 | P75: 7 | Q75: 1000 | R75: SED-E-CITY | S75: 1201
B76: 11000937 | C76: =VLOOKUP(B76,Equipment!A$1:J$470,9,0) -> E | D76: 3 KVA UPS | E76: 1201 | F76: Maintenance | G76: MNT | I76: 05.08.2026 | J76: 05.08.2026 | L76: A205290043 | M76: A | N76: PM03 | P76: 7 | Q76: 1000 | R76: SED-E-CITY | S76: 1201
B77: 11000940 | C77: =VLOOKUP(B77,Equipment!A$1:J$470,9,0) -> E | D77: 3 KVA UPS-7 | E77: 1201 | F77: Maintenance | G77: MNT | I77: 05.08.2026 | J77: 05.08.2026 | L77: A205290043 | M77: A | N77: PM03 | P77: 7 | Q77: 1000 | R77: SED-E-CITY | S77: 1201
B78: 11000946 | C78: =VLOOKUP(B78,Equipment!A$1:J$470,9,0) -> E | D78: 6KVA UPS-3 | E78: 1201 | F78: Maintenance | G78: MNT | I78: 05.08.2026 | J78: 05.08.2026 | L78: A205290043 | M78: A | N78: PM03 | P78: 7 | Q78: 1000 | R78: SED-E-CITY | S78: 1201
B79: 11000947 | C79: =VLOOKUP(B79,Equipment!A$1:J$470,9,0) -> E | D79: 6KVA UPS-4 | E79: 1201 | F79: Maintenance | G79: MNT | I79: 05.08.2026 | J79: 05.08.2026 | L79: A205290043 | M79: A | N79: PM03 | P79: 7 | Q79: 1000 | R79: SED-E-CITY | S79: 1201
B80: 11000950 | C80: =VLOOKUP(B80,Equipment!A$1:J$470,9,0) -> E | D80: MT+3VA SB | E80: 1201 | F80: Maintenance | G80: MNT | I80: 05.08.2026 | J80: 05.08.2026 | L80: A205290043 | M80: A | N80: PM03 | P80: 7 | Q80: 1000 | R80: SED-E-CITY | S80: 1201
B81: 11000969 | C81: =VLOOKUP(B81,Equipment!A$1:J$470,9,0) -> E | D81: UPS-7 20KVA | E81: 1201 | F81: Maintenance | G81: MNT | I81: 05.08.2026 | J81: 05.08.2026 | L81: A205290043 | M81: A | N81: PM03 | P81: 7 | Q81: 1000 | R81: SED-E-CITY | S81: 1201
A82: 330000051656 | B82: 11001255 | C82: =VLOOKUP(B82,Equipment!A$1:J$470,9,0) -> E | D82: Automatic Riveting Machine(ARM) | E82: 1001 | F82: Monthly PM_ARM | G82: PL1 | H82: MONTH | I82: 05.08.2026 | J82: 05.08.2026 | K82: 05.08.2026 | L82: A201010712 | M82: A | N82: PM03 | P82: 23 | Q82: 1000 | R82: OTH | S82: 1001 | T82: FC-ARMS2
A83: 330000051657 | B83: 11001255 | C83: =VLOOKUP(B83,Equipment!A$1:J$470,9,0) -> E | D83: Automatic Riveting Machine(ARM) | E83: 1001 | F83: Monthly PM_ARM | G83: PL1 | H83: MONTH | I83: 05.08.2026 | J83: 05.08.2026 | K83: 05.08.2026 | L83: A201010712 | M83: A | N83: PM03 | P83: 22 | Q83: 1000 | R83: OTH | S83: 1001 | T83: FC-ARMS2
A84: 330000048411 | B84: 11001284 | C84: =VLOOKUP(B84,Equipment!A$1:J$470,9,0) -> E | D84: PAINT BOOTH-3_ROBOTIC_B737 FC | E84: 1001 | F84: AMC FOR ROBO BOOTH | G84: PL1 | H84: MONTH | I84: 05.08.2026 | J84: 05.08.2026 | K84: 05.08.2026 | L84: A101010600 | M84: A | N84: PM03 | P84: 1 | Q84: 1000 | R84: FC-PAINT | S84: 1001 | T84: FC-PAINT
A85: 330000051650 | B85: 21000037 | C85: =VLOOKUP(B85,Equipment!A$1:J$470,9,0) -> U | D85: AIR DRIER-2 | E85: 1001 | F85: MONTHLY PREVENTIVE MAINTENANCE CHECK | G85: PL3 | H85: MONTH | I85: 05.08.2026 | J85: 05.08.2026 | K85: 05.08.2026 | L85: A201010743 | M85: A | N85: PM03 | P85: 47 | Q85: 1000 | R85: UTL | S85: 1001 | T85: TASLMANT
A86: 330000051146 | B86: 21000756 | C86: =VLOOKUP(B86,Equipment!A$1:J$470,9,0) -> #N/A | D86: Cold Storage 2-Bluestar-Stores | E86: 1031 | F86: QUARTERLY PREV MAINT FOR 103120000019 | G86: UTL | H86: MONTH | I86: 05.08.2026 | J86: 05.08.2026 | L86: A303081701 | M86: A | N86: PM03 | P86: 16 | Q86: 1000 | R86: COLD STORE | S86: 1031 | T86: TASL_PEM
A87: 330000051616 | B87: 21000992 | C87: =VLOOKUP(B87,Equipment!A$1:J$470,9,0) -> #N/A | D87: BAY - 2 HVAC - 1 | E87: 1004 | F87: MONTHLY_PM_BAY-2_HVAC - 1 | G87: BY2 | H87: MONTH | I87: 05.08.2026 | J87: 05.08.2026 | K87: 05.08.2026 | L87: A201271843 | M87: A | N87: PM03 | P87: 28 | Q87: 1000 | R87: BY2 | S87: 1004 | T87: H07PEM
A88: 330000051617 | B88: 21000993 | C88: =VLOOKUP(B88,Equipment!A$1:J$470,9,0) -> #N/A | D88: BAY - 2 HVAC - 2 | E88: 1004 | F88: MONTHLY_PM_BAY-2_HVAC - 2 | G88: BY2 | H88: MONTH | I88: 05.08.2026 | J88: 05.08.2026 | K88: 05.08.2026 | L88: A201271843 | M88: A | N88: PM03 | P88: 28 | Q88: 1000 | R88: BY2 | S88: 1004 | T88: H07PEM
A89: 330000051618 | B89: 21000994 | C89: =VLOOKUP(B89,Equipment!A$1:J$470,9,0) -> #N/A | D89: BAY - 2 HVAC - 3 | E89: 1004 | F89: MONTHLY_PM_BAY-2_HVAC - 3 | G89: BY2 | H89: MONTH | I89: 05.08.2026 | J89: 05.08.2026 | K89: 05.08.2026 | L89: A201271843 | M89: A | N89: PM03 | P89: 28 | Q89: 1000 | R89: BY2 | S89: 1004 | T89: H07PEM
A90: 330000051619 | B90: 21000995 | C90: =VLOOKUP(B90,Equipment!A$1:J$470,9,0) -> #N/A | D90: BAY - 2 HVAC - 4 | E90: 1004 | F90: MONTHLY_PM_BAY-2_HVAC - 4 | G90: BY2 | H90: MONTH | I90: 05.08.2026 | J90: 05.08.2026 | K90: 05.08.2026 | L90: A201271843 | M90: A | N90: PM03 | P90: 28 | Q90: 1000 | R90: BY2 | S90: 1004 | T90: H07PEM
A91: 330000051673 | B91: 11000204 | C91: =VLOOKUP(B91,Equipment!A$1:J$470,9,0) -> E | D91: ROUTING MACHINE 3 AXIS #1 | E91: 2001 | F91: MONTHLY PREVENTIVE MAINTENANCE | G91: SMD | H91: MONTH | I91: 06.08.2026 | J91: 06.08.2026 | K91: 06.08.2026 | L91: S304011835 | M91: A | N91: PM03 | P91: 47 | Q91: 2000 | R91: ROUTNGLINE | S91: 2001 | T91: SM-01-01
A92: 330000051213 | B92: 11000204 | C92: =VLOOKUP(B92,Equipment!A$1:J$470,9,0) -> E | D92: ROUTING MACHINE 3 AXIS #1 | E92: 2001 | F92: QUARTERLY PREVENTIVE MAINTENANCE | G92: SMD | H92: MONTH | I92: 06.08.2026 | J92: 06.08.2026 | K92: 06.08.2026 | L92: S304011835 | M92: A | N92: PM03 | P92: 16 | Q92: 2000 | R92: ROUTNGLINE | S92: 2001 | T92: SM-01-01
A93: 330000051674 | B93: 11000256 | C93: =VLOOKUP(B93,Equipment!A$1:J$470,9,0) -> E | D93: 3 AXIS MACHINING CENTRE NX3222 COBHAM-B | E93: 2001 | F93: MONTHLY PREVENTIVE MAINTENANCE | G93: MSD | H93: MONTH | I93: 06.08.2026 | J93: 06.08.2026 | K93: 06.08.2026 | L93: S304011828 | M93: A | N93: PM03 | O93: 111102001108479 | P93: 47 | Q93: 2000 | R93: M/C LINE-2 | S93: 2001 | T93: MS-01-10
A94: 330000051662 | B94: 11000451 | C94: =VLOOKUP(B94,Equipment!A$1:J$470,9,0) -> E | D94: Bavius 2mtr -03 N01-02 | E94: 1041 | F94: Monthly Prev. Maint. For Bavius2M-3 | G94: MCS | H94: MONTH | I94: 06.08.2026 | J94: 06.08.2026 | K94: 07.08.2026 | L94: A304110222 | M94: A | N94: PM03 | P94: 49 | Q94: 1000 | R94: M/C SHOP 2 | S94: 1041 | T94: 1203
A95: 330000051666 | B95: 11000482 | C95: =VLOOKUP(B95,Equipment!A$1:J$470,9,0) -> E | D95: HURON 5 Axis Machine-2 N01-02 | E95: 1041 | F95: Monthly Prev. Maint. For Huron-2 | G95: MCS | H95: MONTH | I95: 06.08.2026 | J95: 06.08.2026 | K95: 07.08.2026 | L95: A304110204 | M95: A | N95: PM03 | P95: 49 | Q95: 1000 | R95: M/C SHOP 2 | S95: 1041 | T95: 1106
A96: 330000051205 | B96: 11000568 | C96: =VLOOKUP(B96,Equipment!A$1:J$470,9,0) -> E | D96: Bupi Cleaner- Aqueeous Industrial | E96: 1031 | F96: QUARTERLY PREV MAINT FOR 103120000116 | G96: SPD | H96: MONTH | I96: 06.08.2026 | J96: 06.08.2026 | L96: A303081727 | M96: A | N96: PM03 | P96: 16 | Q96: 1000 | R96: SPECL PRO | S96: 1031 | T96: BUPICLNR
A97: 330000051427 | B97: 11000720 | C97: =VLOOKUP(B97,Equipment!A$1:J$470,9,0) -> E | D97: Mazak Integrex i630 V/6S-1 | E97: 1002 | F97: Monthly PM Plan Mazak Integrex I630 VS-1 | G97: MSD | H97: MONTH | I97: 06.08.2026 | J97: 06.08.2026 | K97: 06.08.2026 | L97: A302021141 | M97: A | N97: PM03 | P97: 19 | Q97: 1000 | R97: BAY-1 | S97: 1002 | T97: MZK-01
A98: 330000051426 | B98: 11000720 | C98: =VLOOKUP(B98,Equipment!A$1:J$470,9,0) -> E | D98: Mazak Integrex i630 V/6S-1 | E98: 1002 | F98: Monthly PM Plan Mazak Integrex I630 VS-1 | G98: MSD | H98: MONTH | I98: 06.08.2026 | J98: 06.08.2026 | K98: 06.08.2026 | L98: A302021141 | M98: A | N98: PM03 | P98: 21 | Q98: 1000 | R98: BAY-1 | S98: 1002 | T98: MZK-01
B99: 11000913 | C99: =VLOOKUP(B99,Equipment!A$1:J$470,9,0) -> E | D99: Solder Paste Printer | E99: 1201 | F99: Maintenance | G99: MNT | I99: 06.08.2026 | J99: 06.08.2026 | L99: A205290043 | M99: A | N99: PM03 | P99: 7 | Q99: 1000 | R99: SED-E-CITY | S99: 1201
B100: 11000926 | C100: =VLOOKUP(B100,Equipment!A$1:J$470,9,0) -> E | D100: UPS - 3 20KVA | E100: 1201 | F100: Maintenance | G100: MNT | I100: 06.08.2026 | J100: 06.08.2026 | L100: A205290043 | M100: A | N100: PM03 | P100: 7 | Q100: 1000 | R100: SED-E-CITY | S100: 1201
B101: 11000928 | C101: =VLOOKUP(B101,Equipment!A$1:J$470,9,0) -> E | D101: Otis Lift | E101: 1201 | F101: Maintenance | G101: MNT | I101: 06.08.2026 | J101: 06.08.2026 | L101: A205290043 | M101: A | N101: PM03 | P101: 7 | Q101: 1000 | R101: SED-E-CITY | S101: 1201
B102: 11000930 | C102: =VLOOKUP(B102,Equipment!A$1:J$470,9,0) -> E | D102: Kone service Lift | E102: 1201 | F102: Maintenance | G102: MNT | I102: 06.08.2026 | J102: 06.08.2026 | L102: A205290043 | M102: A | N102: PM03 | P102: 7 | Q102: 1000 | R102: SED-E-CITY | S102: 1201
B103: 11000938 | C103: =VLOOKUP(B103,Equipment!A$1:J$470,9,0) -> E | D103: 3 KVA UPS-5 | E103: 1201 | F103: Maintenance | G103: MNT | I103: 06.08.2026 | J103: 06.08.2026 | L103: A205290043 | M103: A | N103: PM03 | P103: 7 | Q103: 1000 | R103: SED-E-CITY | S103: 1201
B104: 11000939 | C104: =VLOOKUP(B104,Equipment!A$1:J$470,9,0) -> E | D104: 3 KVA UPS-6 | E104: 1201 | F104: Maintenance | G104: MNT | I104: 06.08.2026 | J104: 06.08.2026 | L104: A205290043 | M104: A | N104: PM03 | P104: 7 | Q104: 1000 | R104: SED-E-CITY | S104: 1201
B105: 11000941 | C105: =VLOOKUP(B105,Equipment!A$1:J$470,9,0) -> E | D105: 2KVA UPS+LB | E105: 1201 | F105: Maintenance | G105: MNT | I105: 06.08.2026 | J105: 06.08.2026 | L105: A205290043 | M105: A | N105: PM03 | P105: 7 | Q105: 1000 | R105: SED-E-CITY | S105: 1201
B106: 11000948 | C106: =VLOOKUP(B106,Equipment!A$1:J$470,9,0) -> E | D106: 6KVA UPS-5 | E106: 1201 | F106: Maintenance | G106: MNT | I106: 06.08.2026 | J106: 06.08.2026 | L106: A205290043 | M106: A | N106: PM03 | P106: 7 | Q106: 1000 | R106: SED-E-CITY | S106: 1201
...
